"STATION","NAME","DATE","TAVG","TMAX","TMIN"
"USW00024233","SEATTLE TACOMA AIRPORT, WA US","2020-01-01","51","53","46"
"USW00024233","SEATTLE TACOMA AIRPORT, WA US","2020-01-02","45","50","41"
"USW00024233","SEATTLE TACOMA AIRPORT, WA US","2020-01-03","48","62","46"
"USW00024233","SEATTLE TACOMA AIRPORT, WA US","2020-01-04","47","46","40"
"USW00024233","SEATTLE TACOMA AIRPORT, WA US","2020-01-05","44","48","42"
"USW00024233","SEATTLE TACOMA AIRPORT, WA US","2020-01-06","45","51","41"
"USW00024233","SEATTLE TACOMA AIRPORT, WA US","2020-01-07","51","55","46"
"USW00024233","SEATTLE TACOMA AIRPORT, WA US","2020-01-08","45","45","33"
"USW00024233","SEATTLE TACOMA AIRPORT, WA US","2020-01-09","36","39","32"
"USW00024233","SEATTLE TACOMA AIRPORT, WA US","2020-01-10","38","44","35"
"USW00024233","SEATTLE TACOMA AIRPORT, WA US","2020-01-11","44","46","39"
"USW00024233","SEATTLE TACOMA AIRPORT, WA US","2020-01-12","42","45","33"
"USW00024233","SEATTLE TACOMA AIRPORT, WA US","2020-01-13","35","37","30"
"USW00024233","SEATTLE TACOMA AIRPORT, WA US","2020-01-14","30","36","28"
"USW00024233","SEATTLE TACOMA AIRPORT, WA US","2020-01-15","35","46","32"
"USW00024233","SEATTLE TACOMA AIRPORT, WA US","2020-01-16","41","45","35"
"USW00024233","SEATTLE TACOMA AIRPORT, WA US","2020-01-17","37","42","32"
"USW00024233","SEATTLE TACOMA AIRPORT, WA US","2020-01-18","42","51","39"
"USW00024233","SEATTLE TACOMA AIRPORT, WA US","2020-01-19","48","54","44"
"USW00024233","SEATTLE TACOMA AIRPORT, WA US","2020-01-20","50","53","44"
"USW00024233","SEATTLE TACOMA AIRPORT, WA US","2020-01-21","49","53","45"
"USW00024233","SEATTLE TACOMA AIRPORT, WA US","2020-01-22","45","50","44"
"USW00024233","SEATTLE TACOMA AIRPORT, WA US","2020-01-23","51","55","49"
"USW00024233","SEATTLE TACOMA AIRPORT, WA US","2020-01-24","51","52","48"
"USW00024233","SEATTLE TACOMA AIRPORT, WA US","2020-01-25","48","52","46"
"USW00024233","SEATTLE TACOMA AIRPORT, WA US","2020-01-26","49","54","47"
"USW00024233","SEATTLE TACOMA AIRPORT, WA US","2020-01-27","48","51","43"
"USW00024233","SEATTLE TACOMA AIRPORT, WA US","2020-01-28","47","53","46"
"USW00024233","SEATTLE TACOMA AIRPORT, WA US","2020-01-29","48","51","45"
"USW00024233","SEATTLE TACOMA AIRPORT, WA US","2020-01-30","46","51","42"
"USW00024233","SEATTLE TACOMA AIRPORT, WA US","2020-01-31","51","59","51"
"USW00024233","SEATTLE TACOMA AIRPORT, WA US","2020-02-01","53","55","37"
"USW00024233","SEATTLE TACOMA AIRPORT, WA US","2020-02-02","39","44","32"
"USW00024233","SEATTLE TACOMA AIRPORT, WA US","2020-02-03","38","43","35"
"USW00024233","SEATTLE TACOMA AIRPORT, WA US","2020-02-04","35","41","32"
"USW00024233","SEATTLE TACOMA AIRPORT, WA US","2020-02-05","43","50","41"
"USW00024233","SEATTLE TACOMA AIRPORT, WA US","2020-02-06","49","51","46"
"USW00024233","SEATTLE TACOMA AIRPORT, WA US","2020-02-07","47","52","43"
"USW00024233","SEATTLE TACOMA AIRPORT, WA US","2020-02-08","45","48","40"
"USW00024233","SEATTLE TACOMA AIRPORT, WA US","2020-02-09","43","48","36"
"USW00024233","SEATTLE TACOMA AIRPORT, WA US","2020-02-10","42","48","37"
"USW00024233","SEATTLE TACOMA AIRPORT, WA US","2020-02-11","41","48","35"
"USW00024233","SEATTLE TACOMA AIRPORT, WA US","2020-02-12","46","48","41"
"USW00024233","SEATTLE TACOMA AIRPORT, WA US","2020-02-13","43","48","37"
"USW00024233","SEATTLE TACOMA AIRPORT, WA US","2020-02-14","44","50","42"
"USW00024233","SEATTLE TACOMA AIRPORT, WA US","2020-02-15","44","46","42"
"USW00024233","SEATTLE TACOMA AIRPORT, WA US","2020-02-16","43","48","38"
"USW00024233","SEATTLE TACOMA AIRPORT, WA US","2020-02-17","41","48","34"
"USW00024233","SEATTLE TACOMA AIRPORT, WA US","2020-02-18","40","48","31"
"USW00024233","SEATTLE TACOMA AIRPORT, WA US","2020-02-19","41","55","32"
"USW00024233","SEATTLE TACOMA AIRPORT, WA US","2020-02-20","48","58","42"
"USW00024233","SEATTLE TACOMA AIRPORT, WA US","2020-02-21","45","54","35"
"USW00024233","SEATTLE TACOMA AIRPORT, WA US","2020-02-22","45","47","39"
"USW00024233","SEATTLE TACOMA AIRPORT, WA US","2020-02-23","45","48","39"
"USW00024233","SEATTLE TACOMA AIRPORT, WA US","2020-02-24","43","50","38"
"USW00024233","SEATTLE TACOMA AIRPORT, WA US","2020-02-25","43","51","36"
"USW00024233","SEATTLE TACOMA AIRPORT, WA US","2020-02-26","47","53","43"
"USW00024233","SEATTLE TACOMA AIRPORT, WA US","2020-02-27","47","57","38"
"USW00024233","SEATTLE TACOMA AIRPORT, WA US","2020-02-28","45","50","38"
"USW00024233","SEATTLE TACOMA AIRPORT, WA US","2020-02-29","44","49","36"
"USW00024233","SEATTLE TACOMA AIRPORT, WA US","2020-03-01","40","47","33"
"USW00024233","SEATTLE TACOMA AIRPORT, WA US","2020-03-02","44","48","40"
"USW00024233","SEATTLE TACOMA AIRPORT, WA US","2020-03-03","49","53","46"
"USW00024233","SEATTLE TACOMA AIRPORT, WA US","2020-03-04","46","52","41"
"USW00024233","SEATTLE TACOMA AIRPORT, WA US","2020-03-05","46","56","38"
"USW00024233","SEATTLE TACOMA AIRPORT, WA US","2020-03-06","43","43","39"
"USW00024233","SEATTLE TACOMA AIRPORT, WA US","2020-03-07","42","45","38"
"USW00024233","SEATTLE TACOMA AIRPORT, WA US","2020-03-08","40","49","37"
"USW00024233","SEATTLE TACOMA AIRPORT, WA US","2020-03-09","40","50","33"
"USW00024233","SEATTLE TACOMA AIRPORT, WA US","2020-03-10","43","51","36"
"USW00024233","SEATTLE TACOMA AIRPORT, WA US","2020-03-11","47","51","42"
"USW00024233","SEATTLE TACOMA AIRPORT, WA US","2020-03-12","44","52","39"
"USW00024233","SEATTLE TACOMA AIRPORT, WA US","2020-03-13","41","43","35"
"USW00024233","SEATTLE TACOMA AIRPORT, WA US","2020-03-14","38","44","32"
"USW00024233","SEATTLE TACOMA AIRPORT, WA US","2020-03-15","37","46","32"
"USW00024233","SEATTLE TACOMA AIRPORT, WA US","2020-03-16","43","55","36"
"USW00024233","SEATTLE TACOMA AIRPORT, WA US","2020-03-17","44","54","33"
"USW00024233","SEATTLE TACOMA AIRPORT, WA US","2020-03-18","44","56","35"
"USW00024233","SEATTLE TACOMA AIRPORT, WA US","2020-03-19","47","61","37"
"USW00024233","SEATTLE TACOMA AIRPORT, WA US","2020-03-20","51","62","39"
"USW00024233","SEATTLE TACOMA AIRPORT, WA US","2020-03-21","48","56","40"
"USW00024233","SEATTLE TACOMA AIRPORT, WA US","2020-03-22","47","58","38"
"USW00024233","SEATTLE TACOMA AIRPORT, WA US","2020-03-23","45","51","41"
"USW00024233","SEATTLE TACOMA AIRPORT, WA US","2020-03-24","43","50","38"
"USW00024233","SEATTLE TACOMA AIRPORT, WA US","2020-03-25","42","49","39"
"USW00024233","SEATTLE TACOMA AIRPORT, WA US","2020-03-26","43","49","38"
"USW00024233","SEATTLE TACOMA AIRPORT, WA US","2020-03-27","45","50","43"
"USW00024233","SEATTLE TACOMA AIRPORT, WA US","2020-03-28","49","54","46"
"USW00024233","SEATTLE TACOMA AIRPORT, WA US","2020-03-29","49","55","46"
"USW00024233","SEATTLE TACOMA AIRPORT, WA US","2020-03-30","47","50","39"
"USW00024233","SEATTLE TACOMA AIRPORT, WA US","2020-03-31","43","50","39"
"USW00024233","SEATTLE TACOMA AIRPORT, WA US","2020-04-01","43","52","39"
"USW00024233","SEATTLE TACOMA AIRPORT, WA US","2020-04-02","43","51","37"
"USW00024233","SEATTLE TACOMA AIRPORT, WA US","2020-04-03","43","50","37"
"USW00024233","SEATTLE TACOMA AIRPORT, WA US","2020-04-04","42","56","35"
"USW00024233","SEATTLE TACOMA AIRPORT, WA US","2020-04-05","48","56","44"
"USW00024233","SEATTLE TACOMA AIRPORT, WA US","2020-04-06","49","60","39"
"USW00024233","SEATTLE TACOMA AIRPORT, WA US","2020-04-07","48","56","40"
"USW00024233","SEATTLE TACOMA AIRPORT, WA US","2020-04-08","50","63","39"
"USW00024233","SEATTLE TACOMA AIRPORT, WA US","2020-04-09","54","69","42"
"USW00024233","SEATTLE TACOMA AIRPORT, WA US","2020-04-10","55","64","44"
"USW00024233","SEATTLE TACOMA AIRPORT, WA US","2020-04-11","51","60","44"
"USW00024233","SEATTLE TACOMA AIRPORT, WA US","2020-04-12","50","60","37"
"USW00024233","SEATTLE TACOMA AIRPORT, WA US","2020-04-13","50","64","38"
"USW00024233","SEATTLE TACOMA AIRPORT, WA US","2020-04-14","53","64","42"
"USW00024233","SEATTLE TACOMA AIRPORT, WA US","2020-04-15","54","66","49"
"USW00024233","SEATTLE TACOMA AIRPORT, WA US","2020-04-16","57","70","44"
"USW00024233","SEATTLE TACOMA AIRPORT, WA US","2020-04-17","57","71","44"
"USW00024233","SEATTLE TACOMA AIRPORT, WA US","2020-04-18","54","57","48"
"USW00024233","SEATTLE TACOMA AIRPORT, WA US","2020-04-19","53","65","48"
"USW00024233","SEATTLE TACOMA AIRPORT, WA US","2020-04-20","55","67","45"
"USW00024233","SEATTLE TACOMA AIRPORT, WA US","2020-04-21","53","58","47"
"USW00024233","SEATTLE TACOMA AIRPORT, WA US","2020-04-22","52","54","49"
"USW00024233","SEATTLE TACOMA AIRPORT, WA US","2020-04-23","52","59","48"
"USW00024233","SEATTLE TACOMA AIRPORT, WA US","2020-04-24","53","60","47"
"USW00024233","SEATTLE TACOMA AIRPORT, WA US","2020-04-25","56","62","49"
"USW00024233","SEATTLE TACOMA AIRPORT, WA US","2020-04-26","53","62","45"
"USW00024233","SEATTLE TACOMA AIRPORT, WA US","2020-04-27","55","63","48"
"USW00024233","SEATTLE TACOMA AIRPORT, WA US","2020-04-28","53","63","45"
"USW00024233","SEATTLE TACOMA AIRPORT, WA US","2020-04-29","56","70","49"
"USW00024233","SEATTLE TACOMA AIRPORT, WA US","2020-04-30","55","58","47"
"USW00024233","SEATTLE TACOMA AIRPORT, WA US","2020-05-01","52","66","43"
"USW00024233","SEATTLE TACOMA AIRPORT, WA US","2020-05-02","57","58","47"
"USW00024233","SEATTLE TACOMA AIRPORT, WA US","2020-05-03","49","57","44"
"USW00024233","SEATTLE TACOMA AIRPORT, WA US","2020-05-04","51","65","39"
"USW00024233","SEATTLE TACOMA AIRPORT, WA US","2020-05-05","57","71","49"
"USW00024233","SEATTLE TACOMA AIRPORT, WA US","2020-05-06","57","62","48"
"USW00024233","SEATTLE TACOMA AIRPORT, WA US","2020-05-07","55","68","44"
"USW00024233","SEATTLE TACOMA AIRPORT, WA US","2020-05-08","62","80","50"
"USW00024233","SEATTLE TACOMA AIRPORT, WA US","2020-05-09","73","86","62"
"USW00024233","SEATTLE TACOMA AIRPORT, WA US","2020-05-10","76","87","62"
"USW00024233","SEATTLE TACOMA AIRPORT, WA US","2020-05-11","69","74","54"
"USW00024233","SEATTLE TACOMA AIRPORT, WA US","2020-05-12","57","65","50"
"USW00024233","SEATTLE TACOMA AIRPORT, WA US","2020-05-13","56","65","52"
"USW00024233","SEATTLE TACOMA AIRPORT, WA US","2020-05-14","56","67","50"
"USW00024233","SEATTLE TACOMA AIRPORT, WA US","2020-05-15","58","68","52"
"USW00024233","SEATTLE TACOMA AIRPORT, WA US","2020-05-16","59","64","54"
"USW00024233","SEATTLE TACOMA AIRPORT, WA US","2020-05-17","58","68","53"
"USW00024233","SEATTLE TACOMA AIRPORT, WA US","2020-05-18","58","67","50"
"USW00024233","SEATTLE TACOMA AIRPORT, WA US","2020-05-19","58","65","52"
"USW00024233","SEATTLE TACOMA AIRPORT, WA US","2020-05-20","55","59","51"
"USW00024233","SEATTLE TACOMA AIRPORT, WA US","2020-05-21","53","59","47"
"USW00024233","SEATTLE TACOMA AIRPORT, WA US","2020-05-22","52","62","47"
"USW00024233","SEATTLE TACOMA AIRPORT, WA US","2020-05-23","54","65","48"
"USW00024233","SEATTLE TACOMA AIRPORT, WA US","2020-05-24","58","71","50"
"USW00024233","SEATTLE TACOMA AIRPORT, WA US","2020-05-25","60","63","55"
"USW00024233","SEATTLE TACOMA AIRPORT, WA US","2020-05-26","57","66","52"
"USW00024233","SEATTLE TACOMA AIRPORT, WA US","2020-05-27","61","75","48"
"USW00024233","SEATTLE TACOMA AIRPORT, WA US","2020-05-28","67","82","57"
"USW00024233","SEATTLE TACOMA AIRPORT, WA US","2020-05-29","70","80","58"
"USW00024233","SEATTLE TACOMA AIRPORT, WA US","2020-05-30","60","60","50"
"USW00024233","SEATTLE TACOMA AIRPORT, WA US","2020-05-31","53","63","49"
"USW00024233","SEATTLE TACOMA AIRPORT, WA US","2020-06-01","57","68","50"
"USW00024233","SEATTLE TACOMA AIRPORT, WA US","2020-06-02","59","66","50"
"USW00024233","SEATTLE TACOMA AIRPORT, WA US","2020-06-03","56","66","50"
"USW00024233","SEATTLE TACOMA AIRPORT, WA US","2020-06-04","59","70","53"
"USW00024233","SEATTLE TACOMA AIRPORT, WA US","2020-06-05","58","66","51"
"USW00024233","SEATTLE TACOMA AIRPORT, WA US","2020-06-06","57","63","51"
"USW00024233","SEATTLE TACOMA AIRPORT, WA US","2020-06-07","54","64","50"
"USW00024233","SEATTLE TACOMA AIRPORT, WA US","2020-06-08","57","64","51"
"USW00024233","SEATTLE TACOMA AIRPORT, WA US","2020-06-09","56","62","51"
"USW00024233","SEATTLE TACOMA AIRPORT, WA US","2020-06-10","60","72","55"
"USW00024233","SEATTLE TACOMA AIRPORT, WA US","2020-06-11","62","71","57"
"USW00024233","SEATTLE TACOMA AIRPORT, WA US","2020-06-12","60","59","53"
"USW00024233","SEATTLE TACOMA AIRPORT, WA US","2020-06-13","56","63","51"
"USW00024233","SEATTLE TACOMA AIRPORT, WA US","2020-06-14","56","67","49"
"USW00024233","SEATTLE TACOMA AIRPORT, WA US","2020-06-15","58","64","53"
"USW00024233","SEATTLE TACOMA AIRPORT, WA US","2020-06-16","56","68","51"
"USW00024233","SEATTLE TACOMA AIRPORT, WA US","2020-06-17","60","73","50"
"USW00024233","SEATTLE TACOMA AIRPORT, WA US","2020-06-18","64","77","53"
"USW00024233","SEATTLE TACOMA AIRPORT, WA US","2020-06-19","68","81","56"
"USW00024233","SEATTLE TACOMA AIRPORT, WA US","2020-06-20","67","74","60"
"USW00024233","SEATTLE TACOMA AIRPORT, WA US","2020-06-21","63","71","56"
"USW00024233","SEATTLE TACOMA AIRPORT, WA US","2020-06-22","63","80","52"
"USW00024233","SEATTLE TACOMA AIRPORT, WA US","2020-06-23","70","85","58"
"USW00024233","SEATTLE TACOMA AIRPORT, WA US","2020-06-24","69","78","61"
"USW00024233","SEATTLE TACOMA AIRPORT, WA US","2020-06-25","67","81","56"
"USW00024233","SEATTLE TACOMA AIRPORT, WA US","2020-06-26","70","82","57"
"USW00024233","SEATTLE TACOMA AIRPORT, WA US","2020-06-27","62","64","56"
"USW00024233","SEATTLE TACOMA AIRPORT, WA US","2020-06-28","58","71","52"
"USW00024233","SEATTLE TACOMA AIRPORT, WA US","2020-06-29","62","72","54"
"USW00024233","SEATTLE TACOMA AIRPORT, WA US","2020-06-30","60","66","54"
"USW00024233","SEATTLE TACOMA AIRPORT, WA US","2020-07-01","58","66","54"
"USW00024233","SEATTLE TACOMA AIRPORT, WA US","2020-07-02","58","67","55"
"USW00024233","SEATTLE TACOMA AIRPORT, WA US","2020-07-03","60","66","55"
"USW00024233","SEATTLE TACOMA AIRPORT, WA US","2020-07-04","60","71","54"
"USW00024233","SEATTLE TACOMA AIRPORT, WA US","2020-07-05","63","74","55"
"USW00024233","SEATTLE TACOMA AIRPORT, WA US","2020-07-06","63","72","56"
"USW00024233","SEATTLE TACOMA AIRPORT, WA US","2020-07-07","62","70","56"
"USW00024233","SEATTLE TACOMA AIRPORT, WA US","2020-07-08","62","73","56"
"USW00024233","SEATTLE TACOMA AIRPORT, WA US","2020-07-09","64","72","58"
"USW00024233","SEATTLE TACOMA AIRPORT, WA US","2020-07-10","62","73","54"
"USW00024233","SEATTLE TACOMA AIRPORT, WA US","2020-07-11","63","70","54"
"USW00024233","SEATTLE TACOMA AIRPORT, WA US","2020-07-12","62","72","59"
"USW00024233","SEATTLE TACOMA AIRPORT, WA US","2020-07-13","64","76","55"
"USW00024233","SEATTLE TACOMA AIRPORT, WA US","2020-07-14","67","81","54"
"USW00024233","SEATTLE TACOMA AIRPORT, WA US","2020-07-15","71","84","57"
"USW00024233","SEATTLE TACOMA AIRPORT, WA US","2020-07-16","69","77","58"
"USW00024233","SEATTLE TACOMA AIRPORT, WA US","2020-07-17","65","72","58"
"USW00024233","SEATTLE TACOMA AIRPORT, WA US","2020-07-18","66","80","57"
"USW00024233","SEATTLE TACOMA AIRPORT, WA US","2020-07-19","72","84","59"
"USW00024233","SEATTLE TACOMA AIRPORT, WA US","2020-07-20","74","87","62"
"USW00024233","SEATTLE TACOMA AIRPORT, WA US","2020-07-21","72","81","62"
"USW00024233","SEATTLE TACOMA AIRPORT, WA US","2020-07-22","66","73","59"
"USW00024233","SEATTLE TACOMA AIRPORT, WA US","2020-07-23","63","69","58"
"USW00024233","SEATTLE TACOMA AIRPORT, WA US","2020-07-24","62","72","56"
"USW00024233","SEATTLE TACOMA AIRPORT, WA US","2020-07-25","65","78","56"
"USW00024233","SEATTLE TACOMA AIRPORT, WA US","2020-07-26","71","88","59"
"USW00024233","SEATTLE TACOMA AIRPORT, WA US","2020-07-27","77","94","63"
"USW00024233","SEATTLE TACOMA AIRPORT, WA US","2020-07-28","72","81","58"
"USW00024233","SEATTLE TACOMA AIRPORT, WA US","2020-07-29","69","86","56"
"USW00024233","SEATTLE TACOMA AIRPORT, WA US","2020-07-30","74","90","61"
"USW00024233","SEATTLE TACOMA AIRPORT, WA US","2020-07-31","74","83","60"
"USW00024233","SEATTLE TACOMA AIRPORT, WA US","2020-08-01","65","76","58"
"USW00024233","SEATTLE TACOMA AIRPORT, WA US","2020-08-02","68","82","57"
"USW00024233","SEATTLE TACOMA AIRPORT, WA US","2020-08-03","69","82","60"
"USW00024233","SEATTLE TACOMA AIRPORT, WA US","2020-08-04","72","84","61"
"USW00024233","SEATTLE TACOMA AIRPORT, WA US","2020-08-05","71","81","59"
"USW00024233","SEATTLE TACOMA AIRPORT, WA US","2020-08-06","66","73","58"
"USW00024233","SEATTLE TACOMA AIRPORT, WA US","2020-08-07","63","75","58"
"USW00024233","SEATTLE TACOMA AIRPORT, WA US","2020-08-08","62","69","58"
"USW00024233","SEATTLE TACOMA AIRPORT, WA US","2020-08-09","64","77","53"
"USW00024233","SEATTLE TACOMA AIRPORT, WA US","2020-08-10","68","82","56"
"USW00024233","SEATTLE TACOMA AIRPORT, WA US","2020-08-11","66","76","57"
"USW00024233","SEATTLE TACOMA AIRPORT, WA US","2020-08-12","61","71","55"
"USW00024233","SEATTLE TACOMA AIRPORT, WA US","2020-08-13","62","75","52"
"USW00024233","SEATTLE TACOMA AIRPORT, WA US","2020-08-14","67","81","55"
"USW00024233","SEATTLE TACOMA AIRPORT, WA US","2020-08-15","72","88","61"
"USW00024233","SEATTLE TACOMA AIRPORT, WA US","2020-08-16","77","98","63"
"USW00024233","SEATTLE TACOMA AIRPORT, WA US","2020-08-17","78","88","64"
"USW00024233","SEATTLE TACOMA AIRPORT, WA US","2020-08-18","71","81","61"
"USW00024233","SEATTLE TACOMA AIRPORT, WA US","2020-08-19","69","83","59"
"USW00024233","SEATTLE TACOMA AIRPORT, WA US","2020-08-20","71","80","62"
"USW00024233","SEATTLE TACOMA AIRPORT, WA US","2020-08-21","69","71","60"
"USW00024233","SEATTLE TACOMA AIRPORT, WA US","2020-08-22","65","75","58"
"USW00024233","SEATTLE TACOMA AIRPORT, WA US","2020-08-23","65","77","55"
"USW00024233","SEATTLE TACOMA AIRPORT, WA US","2020-08-24","65","76","56"
"USW00024233","SEATTLE TACOMA AIRPORT, WA US","2020-08-25","65","78","54"
"USW00024233","SEATTLE TACOMA AIRPORT, WA US","2020-08-26","67","78","57"
"USW00024233","SEATTLE TACOMA AIRPORT, WA US","2020-08-27","67","81","55"
"USW00024233","SEATTLE TACOMA AIRPORT, WA US","2020-08-28","68","78","58"
"USW00024233","SEATTLE TACOMA AIRPORT, WA US","2020-08-29","66","70","55"
"USW00024233","SEATTLE TACOMA AIRPORT, WA US","2020-08-30","61","73","51"
"USW00024233","SEATTLE TACOMA AIRPORT, WA US","2020-08-31","61","71","54"
"USW00024233","SEATTLE TACOMA AIRPORT, WA US","2020-09-01","65","81","56"
"USW00024233","SEATTLE TACOMA AIRPORT, WA US","2020-09-02","70","81","57"
"USW00024233","SEATTLE TACOMA AIRPORT, WA US","2020-09-03","69","84","56"
"USW00024233","SEATTLE TACOMA AIRPORT, WA US","2020-09-04","71","83","59"
"USW00024233","SEATTLE TACOMA AIRPORT, WA US","2020-09-05","65","75","59"
"USW00024233","SEATTLE TACOMA AIRPORT, WA US","2020-09-06","66","81","56"
"USW00024233","SEATTLE TACOMA AIRPORT, WA US","2020-09-07","70","84","61"
"USW00024233","SEATTLE TACOMA AIRPORT, WA US","2020-09-08","73","83","63"
"USW00024233","SEATTLE TACOMA AIRPORT, WA US","2020-09-09","71","88","59"
"USW00024233","SEATTLE TACOMA AIRPORT, WA US","2020-09-10","76","91","61"
"USW00024233","SEATTLE TACOMA AIRPORT, WA US","2020-09-11","65","73","53"
"USW00024233","SEATTLE TACOMA AIRPORT, WA US","2020-09-12","59","61","51"
"USW00024233","SEATTLE TACOMA AIRPORT, WA US","2020-09-13","55","64","50"
"USW00024233","SEATTLE TACOMA AIRPORT, WA US","2020-09-14","60","69","55"
"USW00024233","SEATTLE TACOMA AIRPORT, WA US","2020-09-15","65","75","61"
"USW00024233","SEATTLE TACOMA AIRPORT, WA US","2020-09-16","66","71","59"
"USW00024233","SEATTLE TACOMA AIRPORT, WA US","2020-09-17","66","74","59"
"USW00024233","SEATTLE TACOMA AIRPORT, WA US","2020-09-18","64","66","60"
"USW00024233","SEATTLE TACOMA AIRPORT, WA US","2020-09-19","63","72","59"
"USW00024233","SEATTLE TACOMA AIRPORT, WA US","2020-09-20","62","71","58"
"USW00024233","SEATTLE TACOMA AIRPORT, WA US","2020-09-21","61","70","54"
"USW00024233","SEATTLE TACOMA AIRPORT, WA US","2020-09-22","65","73","59"
"USW00024233","SEATTLE TACOMA AIRPORT, WA US","2020-09-23","63","63","58"
"USW00024233","SEATTLE TACOMA AIRPORT, WA US","2020-09-24","60","66","57"
"USW00024233","SEATTLE TACOMA AIRPORT, WA US","2020-09-25","59","63","55"
"USW00024233","SEATTLE TACOMA AIRPORT, WA US","2020-09-26","58","65","53"
"USW00024233","SEATTLE TACOMA AIRPORT, WA US","2020-09-27","59","70","53"
"USW00024233","SEATTLE TACOMA AIRPORT, WA US","2020-09-28","61","76","52"
"USW00024233","SEATTLE TACOMA AIRPORT, WA US","2020-09-29","64","80","54"
"USW00024233","SEATTLE TACOMA AIRPORT, WA US","2020-09-30","65","76","55"
"USW00024233","SEATTLE TACOMA AIRPORT, WA US","2020-10-01","62","72","54"
"USW00024233","SEATTLE TACOMA AIRPORT, WA US","2020-10-02","62","73","54"
"USW00024233","SEATTLE TACOMA AIRPORT, WA US","2020-10-03","58","58","54"
"USW00024233","SEATTLE TACOMA AIRPORT, WA US","2020-10-04","56","59","54"
"USW00024233","SEATTLE TACOMA AIRPORT, WA US","2020-10-05","59","68","55"
"USW00024233","SEATTLE TACOMA AIRPORT, WA US","2020-10-06","59","73","54"
"USW00024233","SEATTLE TACOMA AIRPORT, WA US","2020-10-07","60","61","56"
"USW00024233","SEATTLE TACOMA AIRPORT, WA US","2020-10-08","59","67","56"
"USW00024233","SEATTLE TACOMA AIRPORT, WA US","2020-10-09","60","68","57"
"USW00024233","SEATTLE TACOMA AIRPORT, WA US","2020-10-10","59","62","52"
"USW00024233","SEATTLE TACOMA AIRPORT, WA US","2020-10-11","53","59","50"
"USW00024233","SEATTLE TACOMA AIRPORT, WA US","2020-10-12","57","62","52"
"USW00024233","SEATTLE TACOMA AIRPORT, WA US","2020-10-13","56","63","49"
"USW00024233","SEATTLE TACOMA AIRPORT, WA US","2020-10-14","56","63","51"
"USW00024233","SEATTLE TACOMA AIRPORT, WA US","2020-10-15","53","60","46"
"USW00024233","SEATTLE TACOMA AIRPORT, WA US","2020-10-16","56","62","51"
"USW00024233","SEATTLE TACOMA AIRPORT, WA US","2020-10-17","56","57","51"
"USW00024233","SEATTLE TACOMA AIRPORT, WA US","2020-10-18","56","63","52"
"USW00024233","SEATTLE TACOMA AIRPORT, WA US","2020-10-19","57","59","50"
"USW00024233","SEATTLE TACOMA AIRPORT, WA US","2020-10-20","53","59","47"
"USW00024233","SEATTLE TACOMA AIRPORT, WA US","2020-10-21","50","53","42"
"USW00024233","SEATTLE TACOMA AIRPORT, WA US","2020-10-22","46","54","40"
"USW00024233","SEATTLE TACOMA AIRPORT, WA US","2020-10-23","44","51","39"
"USW00024233","SEATTLE TACOMA AIRPORT, WA US","2020-10-24","46","50","40"
"USW00024233","SEATTLE TACOMA AIRPORT, WA US","2020-10-25","42","49","34"
"USW00024233","SEATTLE TACOMA AIRPORT, WA US","2020-10-26","42","52","35"
"USW00024233","SEATTLE TACOMA AIRPORT, WA US","2020-10-27","49","57","45"
"USW00024233","SEATTLE TACOMA AIRPORT, WA US","2020-10-28","50","55","47"
"USW00024233","SEATTLE TACOMA AIRPORT, WA US","2020-10-29","54","59","47"
"USW00024233","SEATTLE TACOMA AIRPORT, WA US","2020-10-30","54","60","47"
"USW00024233","SEATTLE TACOMA AIRPORT, WA US","2020-10-31","49","57","41"
"USW00024233","SEATTLE TACOMA AIRPORT, WA US","2020-11-01","49","61","42"
"USW00024233","SEATTLE TACOMA AIRPORT, WA US","2020-11-02","51","65","41"
"USW00024233","SEATTLE TACOMA AIRPORT, WA US","2020-11-03","51","58","46"
"USW00024233","SEATTLE TACOMA AIRPORT, WA US","2020-11-04","60","66","58"
"USW00024233","SEATTLE TACOMA AIRPORT, WA US","2020-11-05","57","60","46"
"USW00024233","SEATTLE TACOMA AIRPORT, WA US","2020-11-06","47","51","39"
"USW00024233","SEATTLE TACOMA AIRPORT, WA US","2020-11-07","42","44","36"
"USW00024233","SEATTLE TACOMA AIRPORT, WA US","2020-11-08","41","49","33"
"USW00024233","SEATTLE TACOMA AIRPORT, WA US","2020-11-09","38","43","31"
"USW00024233","SEATTLE TACOMA AIRPORT, WA US","2020-11-10","43","46","38"
"USW00024233","SEATTLE TACOMA AIRPORT, WA US","2020-11-11","42","46","37"
"USW00024233","SEATTLE TACOMA AIRPORT, WA US","2020-11-12","43","49","40"
"USW00024233","SEATTLE TACOMA AIRPORT, WA US","2020-11-13","47","52","43"
"USW00024233","SEATTLE TACOMA AIRPORT, WA US","2020-11-14","45","48","41"
"USW00024233","SEATTLE TACOMA AIRPORT, WA US","2020-11-15","47","53","46"
"USW00024233","SEATTLE TACOMA AIRPORT, WA US","2020-11-16","47","51","46"
"USW00024233","SEATTLE TACOMA AIRPORT, WA US","2020-11-17","51","63","47"
"USW00024233","SEATTLE TACOMA AIRPORT, WA US","2020-11-18","48","49","44"
"USW00024233","SEATTLE TACOMA AIRPORT, WA US","2020-11-19","45","48","42"
"USW00024233","SEATTLE TACOMA AIRPORT, WA US","2020-11-20","46","50","43"
"USW00024233","SEATTLE TACOMA AIRPORT, WA US","2020-11-21","48","54","41"
"USW00024233","SEATTLE TACOMA AIRPORT, WA US","2020-11-22","43","45","36"
"USW00024233","SEATTLE TACOMA AIRPORT, WA US","2020-11-23","44","47","42"
"USW00024233","SEATTLE TACOMA AIRPORT, WA US","2020-11-24","46","52","43"
"USW00024233","SEATTLE TACOMA AIRPORT, WA US","2020-11-25","45","48","43"
"USW00024233","SEATTLE TACOMA AIRPORT, WA US","2020-11-26","46","50","43"
"USW00024233","SEATTLE TACOMA AIRPORT, WA US","2020-11-27","47","51","44"
"USW00024233","SEATTLE TACOMA AIRPORT, WA US","2020-11-28","46","48","36"
"USW00024233","SEATTLE TACOMA AIRPORT, WA US","2020-11-29","38","45","31"
"USW00024233","SEATTLE TACOMA AIRPORT, WA US","2020-11-30","45","51","39"
"USW00024233","SEATTLE TACOMA AIRPORT, WA US","2020-12-01","42","49","36"
"USW00024233","SEATTLE TACOMA AIRPORT, WA US","2020-12-02","45","60","38"
"USW00024233","SEATTLE TACOMA AIRPORT, WA US","2020-12-03","45","50","37"
"USW00024233","SEATTLE TACOMA AIRPORT, WA US","2020-12-04","46","54","36"
"USW00024233","SEATTLE TACOMA AIRPORT, WA US","2020-12-05","44","58","35"
"USW00024233","SEATTLE TACOMA AIRPORT, WA US","2020-12-06","50","54","43"
"USW00024233","SEATTLE TACOMA AIRPORT, WA US","2020-12-07","46","52","43"
"USW00024233","SEATTLE TACOMA AIRPORT, WA US","2020-12-08","50","52","48"
"USW00024233","SEATTLE TACOMA AIRPORT, WA US","2020-12-09","48","50","40"
"USW00024233","SEATTLE TACOMA AIRPORT, WA US","2020-12-10","42","44","37"
"USW00024233","SEATTLE TACOMA AIRPORT, WA US","2020-12-11","42","47","37"
"USW00024233","SEATTLE TACOMA AIRPORT, WA US","2020-12-12","38","45","31"
"USW00024233","SEATTLE TACOMA AIRPORT, WA US","2020-12-13","42","45","39"
"USW00024233","SEATTLE TACOMA AIRPORT, WA US","2020-12-14","45","50","43"
"USW00024233","SEATTLE TACOMA AIRPORT, WA US","2020-12-15","45","48","42"
"USW00024233","SEATTLE TACOMA AIRPORT, WA US","2020-12-16","47","50","45"
"USW00024233","SEATTLE TACOMA AIRPORT, WA US","2020-12-17","47","50","44"
"USW00024233","SEATTLE TACOMA AIRPORT, WA US","2020-12-18","46","52","44"
"USW00024233","SEATTLE TACOMA AIRPORT, WA US","2020-12-19","48","53","46"
"USW00024233","SEATTLE TACOMA AIRPORT, WA US","2020-12-20","50","54","47"
"USW00024233","SEATTLE TACOMA AIRPORT, WA US","2020-12-21","49","59","34"
"USW00024233","SEATTLE TACOMA AIRPORT, WA US","2020-12-22","39","46","34"
"USW00024233","SEATTLE TACOMA AIRPORT, WA US","2020-12-23","37","43","31"
"USW00024233","SEATTLE TACOMA AIRPORT, WA US","2020-12-24","36","44","28"
"USW00024233","SEATTLE TACOMA AIRPORT, WA US","2020-12-25","41","49","35"
"USW00024233","SEATTLE TACOMA AIRPORT, WA US","2020-12-26","45","50","42"
"USW00024233","SEATTLE TACOMA AIRPORT, WA US","2020-12-27","44","49","39"
"USW00024233","SEATTLE TACOMA AIRPORT, WA US","2020-12-28","41","47","33"
"USW00024233","SEATTLE TACOMA AIRPORT, WA US","2020-12-29","39","41","34"
"USW00024233","SEATTLE TACOMA AIRPORT, WA US","2020-12-30","42","50","40"
"USW00024233","SEATTLE TACOMA AIRPORT, WA US","2020-12-31","48","50","46"
"USW00024233","SEATTLE TACOMA AIRPORT, WA US","2021-01-01","48","52","45"
"USW00024233","SEATTLE TACOMA AIRPORT, WA US","2021-01-02","48","49","41"
"USW00024233","SEATTLE TACOMA AIRPORT, WA US","2021-01-03","44","48","38"
"USW00024233","SEATTLE TACOMA AIRPORT, WA US","2021-01-04","47","51","43"
"USW00024233","SEATTLE TACOMA AIRPORT, WA US","2021-01-05","44","47","42"
"USW00024233","SEATTLE TACOMA AIRPORT, WA US","2021-01-06","46","52","39"
"USW00024233","SEATTLE TACOMA AIRPORT, WA US","2021-01-07","44","52","40"
"USW00024233","SEATTLE TACOMA AIRPORT, WA US","2021-01-08","47","51","37"
"USW00024233","SEATTLE TACOMA AIRPORT, WA US","2021-01-09","39","48","31"
"USW00024233","SEATTLE TACOMA AIRPORT, WA US","2021-01-10","44","49","41"
"USW00024233","SEATTLE TACOMA AIRPORT, WA US","2021-01-11","46","47","43"
"USW00024233","SEATTLE TACOMA AIRPORT, WA US","2021-01-12","50","57","47"
"USW00024233","SEATTLE TACOMA AIRPORT, WA US","2021-01-13","50","56","40"
"USW00024233","SEATTLE TACOMA AIRPORT, WA US","2021-01-14","44","58","38"
"USW00024233","SEATTLE TACOMA AIRPORT, WA US","2021-01-15","48","54","42"
"USW00024233","SEATTLE TACOMA AIRPORT, WA US","2021-01-16","44","47","38"
"USW00024233","SEATTLE TACOMA AIRPORT, WA US","2021-01-17","45","51","43"
"USW00024233","SEATTLE TACOMA AIRPORT, WA US","2021-01-18","45","49","36"
"USW00024233","SEATTLE TACOMA AIRPORT, WA US","2021-01-19","39","45","34"
"USW00024233","SEATTLE TACOMA AIRPORT, WA US","2021-01-20","40","47","34"
"USW00024233","SEATTLE TACOMA AIRPORT, WA US","2021-01-21","43","46","41"
"USW00024233","SEATTLE TACOMA AIRPORT, WA US","2021-01-22","43","46","34"
"USW00024233","SEATTLE TACOMA AIRPORT, WA US","2021-01-23","35","43","29"
"USW00024233","SEATTLE TACOMA AIRPORT, WA US","2021-01-24","40","41","38"
"USW00024233","SEATTLE TACOMA AIRPORT, WA US","2021-01-25","40","44","35"
"USW00024233","SEATTLE TACOMA AIRPORT, WA US","2021-01-26","38","43","34"
"USW00024233","SEATTLE TACOMA AIRPORT, WA US","2021-01-27","41","46","37"
"USW00024233","SEATTLE TACOMA AIRPORT, WA US","2021-01-28","42","47","40"
"USW00024233","SEATTLE TACOMA AIRPORT, WA US","2021-01-29","43","47","40"
"USW00024233","SEATTLE TACOMA AIRPORT, WA US","2021-01-30","44","50","41"
"USW00024233","SEATTLE TACOMA AIRPORT, WA US","2021-01-31","47","50","43"
"USW00024233","SEATTLE TACOMA AIRPORT, WA US","2021-02-01","46","50","44"
"USW00024233","SEATTLE TACOMA AIRPORT, WA US","2021-02-02","45","46","39"
"USW00024233","SEATTLE TACOMA AIRPORT, WA US","2021-02-03","42","50","40"
"USW00024233","SEATTLE TACOMA AIRPORT, WA US","2021-02-04","44","48","42"
"USW00024233","SEATTLE TACOMA AIRPORT, WA US","2021-02-05","48","52","44"
"USW00024233","SEATTLE TACOMA AIRPORT, WA US","2021-02-06","46","50","43"
"USW00024233","SEATTLE TACOMA AIRPORT, WA US","2021-02-07","44","48","38"
"USW00024233","SEATTLE TACOMA AIRPORT, WA US","2021-02-08","40","45","35"
"USW00024233","SEATTLE TACOMA AIRPORT, WA US","2021-02-09","38","45","31"
"USW00024233","SEATTLE TACOMA AIRPORT, WA US","2021-02-10","36","43","29"
"USW00024233","SEATTLE TACOMA AIRPORT, WA US","2021-02-11","36","38","30"
"USW00024233","SEATTLE TACOMA AIRPORT, WA US","2021-02-12","31","34","25"
"USW00024233","SEATTLE TACOMA AIRPORT, WA US","2021-02-13","27","31","25"
"USW00024233","SEATTLE TACOMA AIRPORT, WA US","2021-02-14","31","38","30"
"USW00024233","SEATTLE TACOMA AIRPORT, WA US","2021-02-15","36","44","33"
"USW00024233","SEATTLE TACOMA AIRPORT, WA US","2021-02-16","42","51","38"
"USW00024233","SEATTLE TACOMA AIRPORT, WA US","2021-02-17","42","48","36"
"USW00024233","SEATTLE TACOMA AIRPORT, WA US","2021-02-18","42","45","37"
"USW00024233","SEATTLE TACOMA AIRPORT, WA US","2021-02-19","44","50","40"
"USW00024233","SEATTLE TACOMA AIRPORT, WA US","2021-02-20","42","49","38"
"USW00024233","SEATTLE TACOMA AIRPORT, WA US","2021-02-21","46","51","43"
"USW00024233","SEATTLE TACOMA AIRPORT, WA US","2021-02-22","49","52","41"
"USW00024233","SEATTLE TACOMA AIRPORT, WA US","2021-02-23","44","49","36"
"USW00024233","SEATTLE TACOMA AIRPORT, WA US","2021-02-24","38","46","32"
"USW00024233","SEATTLE TACOMA AIRPORT, WA US","2021-02-25","42","48","38"
"USW00024233","SEATTLE TACOMA AIRPORT, WA US","2021-02-26","44","51","36"
"USW00024233","SEATTLE TACOMA AIRPORT, WA US","2021-02-27","40","49","32"
"USW00024233","SEATTLE TACOMA AIRPORT, WA US","2021-02-28","45","53","41"
"USW00024233","SEATTLE TACOMA AIRPORT, WA US","2021-03-01","46","57","38"
"USW00024233","SEATTLE TACOMA AIRPORT, WA US","2021-03-02","47","50","40"
"USW00024233","SEATTLE TACOMA AIRPORT, WA US","2021-03-03","44","56","35"
"USW00024233","SEATTLE TACOMA AIRPORT, WA US","2021-03-04","44","53","37"
"USW00024233","SEATTLE TACOMA AIRPORT, WA US","2021-03-05","49","53","44"
"USW00024233","SEATTLE TACOMA AIRPORT, WA US","2021-03-06","45","51","41"
"USW00024233","SEATTLE TACOMA AIRPORT, WA US","2021-03-07","44","49","38"
"USW00024233","SEATTLE TACOMA AIRPORT, WA US","2021-03-08","41","51","31"
"USW00024233","SEATTLE TACOMA AIRPORT, WA US","2021-03-09","45","55","36"
"USW00024233","SEATTLE TACOMA AIRPORT, WA US","2021-03-10","43","54","36"
"USW00024233","SEATTLE TACOMA AIRPORT, WA US","2021-03-11","44","55","36"
"USW00024233","SEATTLE TACOMA AIRPORT, WA US","2021-03-12","45","57","35"
"USW00024233","SEATTLE TACOMA AIRPORT, WA US","2021-03-13","47","60","36"
"USW00024233","SEATTLE TACOMA AIRPORT, WA US","2021-03-14","47","47","39"
"USW00024233","SEATTLE TACOMA AIRPORT, WA US","2021-03-15","40","48","35"
"USW00024233","SEATTLE TACOMA AIRPORT, WA US","2021-03-16","42","52","33"
"USW00024233","SEATTLE TACOMA AIRPORT, WA US","2021-03-17","44","59","35"
"USW00024233","SEATTLE TACOMA AIRPORT, WA US","2021-03-18","48","55","39"
"USW00024233","SEATTLE TACOMA AIRPORT, WA US","2021-03-19","47","56","42"
"USW00024233","SEATTLE TACOMA AIRPORT, WA US","2021-03-20","47","52","42"
"USW00024233","SEATTLE TACOMA AIRPORT, WA US","2021-03-21","43","45","41"
"USW00024233","SEATTLE TACOMA AIRPORT, WA US","2021-03-22","44","53","40"
"USW00024233","SEATTLE TACOMA AIRPORT, WA US","2021-03-23","45","54","38"
"USW00024233","SEATTLE TACOMA AIRPORT, WA US","2021-03-24","47","52","42"
"USW00024233","SEATTLE TACOMA AIRPORT, WA US","2021-03-25","46","54","42"
"USW00024233","SEATTLE TACOMA AIRPORT, WA US","2021-03-26","47","53","41"
"USW00024233","SEATTLE TACOMA AIRPORT, WA US","2021-03-27","47","54","41"
"USW00024233","SEATTLE TACOMA AIRPORT, WA US","2021-03-28","47","47","39"
"USW00024233","SEATTLE TACOMA AIRPORT, WA US","2021-03-29","42","51","35"
"USW00024233","SEATTLE TACOMA AIRPORT, WA US","2021-03-30","43","54","34"
"USW00024233","SEATTLE TACOMA AIRPORT, WA US","2021-03-31","47","62","35"
"USW00024233","SEATTLE TACOMA AIRPORT, WA US","2021-04-01","50","58","42"
"USW00024233","SEATTLE TACOMA AIRPORT, WA US","2021-04-02","49","57","42"
"USW00024233","SEATTLE TACOMA AIRPORT, WA US","2021-04-03","50","63","41"
"USW00024233","SEATTLE TACOMA AIRPORT, WA US","2021-04-04","50","52","39"
"USW00024233","SEATTLE TACOMA AIRPORT, WA US","2021-04-05","43","56","35"
"USW00024233","SEATTLE TACOMA AIRPORT, WA US","2021-04-06","47","60","37"
"USW00024233","SEATTLE TACOMA AIRPORT, WA US","2021-04-07","48","48","42"
"USW00024233","SEATTLE TACOMA AIRPORT, WA US","2021-04-08","45","54","40"
"USW00024233","SEATTLE TACOMA AIRPORT, WA US","2021-04-09","44","50","36"
"USW00024233","SEATTLE TACOMA AIRPORT, WA US","2021-04-10","45","53","40"
"USW00024233","SEATTLE TACOMA AIRPORT, WA US","2021-04-11","44","54","34"
"USW00024233","SEATTLE TACOMA AIRPORT, WA US","2021-04-12","46","59","36"
"USW00024233","SEATTLE TACOMA AIRPORT, WA US","2021-04-13","52","64","40"
"USW00024233","SEATTLE TACOMA AIRPORT, WA US","2021-04-14","54","67","39"
"USW00024233","SEATTLE TACOMA AIRPORT, WA US","2021-04-15","59","75","43"
"USW00024233","SEATTLE TACOMA AIRPORT, WA US","2021-04-16","64","79","47"
"USW00024233","SEATTLE TACOMA AIRPORT, WA US","2021-04-17","64","80","48"
"USW00024233","SEATTLE TACOMA AIRPORT, WA US","2021-04-18","65","79","50"
"USW00024233","SEATTLE TACOMA AIRPORT, WA US","2021-04-19","61","72","48"
"USW00024233","SEATTLE TACOMA AIRPORT, WA US","2021-04-20","61","72","48"
"USW00024233","SEATTLE TACOMA AIRPORT, WA US","2021-04-21","60","73","48"
"USW00024233","SEATTLE TACOMA AIRPORT, WA US","2021-04-22","56","62","47"
"USW00024233","SEATTLE TACOMA AIRPORT, WA US","2021-04-23","53","61","45"
"USW00024233","SEATTLE TACOMA AIRPORT, WA US","2021-04-24","50","50","47"
"USW00024233","SEATTLE TACOMA AIRPORT, WA US","2021-04-25","50","60","47"
"USW00024233","SEATTLE TACOMA AIRPORT, WA US","2021-04-26","52","61","45"
"USW00024233","SEATTLE TACOMA AIRPORT, WA US","2021-04-27","53","61","45"
"USW00024233","SEATTLE TACOMA AIRPORT, WA US","2021-04-28","55","64","47"
"USW00024233","SEATTLE TACOMA AIRPORT, WA US","2021-04-29","59","74","49"
"USW00024233","SEATTLE TACOMA AIRPORT, WA US","2021-04-30","58","65","50"
"USW00024233","SEATTLE TACOMA AIRPORT, WA US","2021-05-01","54","61","47"
"USW00024233","SEATTLE TACOMA AIRPORT, WA US","2021-05-02","53","62","48"
"USW00024233","SEATTLE TACOMA AIRPORT, WA US","2021-05-03","53","57","46"
"USW00024233","SEATTLE TACOMA AIRPORT, WA US","2021-05-04","54","63","50"
"USW00024233","SEATTLE TACOMA AIRPORT, WA US","2021-05-05","56","71","45"
"USW00024233","SEATTLE TACOMA AIRPORT, WA US","2021-05-06","59","68","48"
"USW00024233","SEATTLE TACOMA AIRPORT, WA US","2021-05-07","50","59","46"
"USW00024233","SEATTLE TACOMA AIRPORT, WA US","2021-05-08","50","59","44"
"USW00024233","SEATTLE TACOMA AIRPORT, WA US","2021-05-09","53","64","48"
"USW00024233","SEATTLE TACOMA AIRPORT, WA US","2021-05-10","56","67","44"
"USW00024233","SEATTLE TACOMA AIRPORT, WA US","2021-05-11","57","70","46"
"USW00024233","SEATTLE TACOMA AIRPORT, WA US","2021-05-12","62","71","55"
"USW00024233","SEATTLE TACOMA AIRPORT, WA US","2021-05-13","60","73","48"
"USW00024233","SEATTLE TACOMA AIRPORT, WA US","2021-05-14","62","75","50"
"USW00024233","SEATTLE TACOMA AIRPORT, WA US","2021-05-15","61","75","49"
"USW00024233","SEATTLE TACOMA AIRPORT, WA US","2021-05-16","63","77","50"
"USW00024233","SEATTLE TACOMA AIRPORT, WA US","2021-05-17","58","62","49"
"USW00024233","SEATTLE TACOMA AIRPORT, WA US","2021-05-18","52","61","45"
"USW00024233","SEATTLE TACOMA AIRPORT, WA US","2021-05-19","50","58","45"
"USW00024233","SEATTLE TACOMA AIRPORT, WA US","2021-05-20","49","61","44"
"USW00024233","SEATTLE TACOMA AIRPORT, WA US","2021-05-21","52","62","45"
"USW00024233","SEATTLE TACOMA AIRPORT, WA US","2021-05-22","52","62","47"
"USW00024233","SEATTLE TACOMA AIRPORT, WA US","2021-05-23","56","64","51"
"USW00024233","SEATTLE TACOMA AIRPORT, WA US","2021-05-24","53","60","49"
"USW00024233","SEATTLE TACOMA AIRPORT, WA US","2021-05-25","56","63","51"
"USW00024233","SEATTLE TACOMA AIRPORT, WA US","2021-05-26","56","63","50"
"USW00024233","SEATTLE TACOMA AIRPORT, WA US","2021-05-27","56","60","49"
"USW00024233","SEATTLE TACOMA AIRPORT, WA US","2021-05-28","53","64","49"
"USW00024233","SEATTLE TACOMA AIRPORT, WA US","2021-05-29","57","72","47"
"USW00024233","SEATTLE TACOMA AIRPORT, WA US","2021-05-30","62","73","52"
"USW00024233","SEATTLE TACOMA AIRPORT, WA US","2021-05-31","65","80","54"
"USW00024233","SEATTLE TACOMA AIRPORT, WA US","2021-06-01","71","86","58"
"USW00024233","SEATTLE TACOMA AIRPORT, WA US","2021-06-02","73","85","58"
"USW00024233","SEATTLE TACOMA AIRPORT, WA US","2021-06-03","67","75","56"
"USW00024233","SEATTLE TACOMA AIRPORT, WA US","2021-06-04","59","68","51"
"USW00024233","SEATTLE TACOMA AIRPORT, WA US","2021-06-05","60","66","50"
"USW00024233","SEATTLE TACOMA AIRPORT, WA US","2021-06-06","52","55","44"
"USW00024233","SEATTLE TACOMA AIRPORT, WA US","2021-06-07","51","63","44"
"USW00024233","SEATTLE TACOMA AIRPORT, WA US","2021-06-08","56","69","49"
"USW00024233","SEATTLE TACOMA AIRPORT, WA US","2021-06-09","56","68","46"
"USW00024233","SEATTLE TACOMA AIRPORT, WA US","2021-06-10","57","65","48"
"USW00024233","SEATTLE TACOMA AIRPORT, WA US","2021-06-11","57","59","52"
"USW00024233","SEATTLE TACOMA AIRPORT, WA US","2021-06-12","59","73","50"
"USW00024233","SEATTLE TACOMA AIRPORT, WA US","2021-06-13","62","64","57"
"USW00024233","SEATTLE TACOMA AIRPORT, WA US","2021-06-14","59","65","55"
"USW00024233","SEATTLE TACOMA AIRPORT, WA US","2021-06-15","60","69","53"
"USW00024233","SEATTLE TACOMA AIRPORT, WA US","2021-06-16","60","72","52"
"USW00024233","SEATTLE TACOMA AIRPORT, WA US","2021-06-17","65","79","53"
"USW00024233","SEATTLE TACOMA AIRPORT, WA US","2021-06-18","65","74","56"
"USW00024233","SEATTLE TACOMA AIRPORT, WA US","2021-06-19","63","76","54"
"USW00024233","SEATTLE TACOMA AIRPORT, WA US","2021-06-20","69","81","58"
"USW00024233","SEATTLE TACOMA AIRPORT, WA US","2021-06-21","74","89","61"
"USW00024233","SEATTLE TACOMA AIRPORT, WA US","2021-06-22","71","76","57"
"USW00024233","SEATTLE TACOMA AIRPORT, WA US","2021-06-23","63","77","55"
"USW00024233","SEATTLE TACOMA AIRPORT, WA US","2021-06-24","67","83","55"
"USW00024233","SEATTLE TACOMA AIRPORT, WA US","2021-06-25","74","87","64"
"USW00024233","SEATTLE TACOMA AIRPORT, WA US","2021-06-26","83","102","69"
"USW00024233","SEATTLE TACOMA AIRPORT, WA US","2021-06-27","88","104","73"
"USW00024233","SEATTLE TACOMA AIRPORT, WA US","2021-06-28","91","108","66"
"USW00024233","SEATTLE TACOMA AIRPORT, WA US","2021-06-29","78","85","62"
"USW00024233","SEATTLE TACOMA AIRPORT, WA US","2021-06-30","68","74","60"
"USW00024233","SEATTLE TACOMA AIRPORT, WA US","2021-07-01","66","74","62"
"USW00024233","SEATTLE TACOMA AIRPORT, WA US","2021-07-02","66","79","58"
"USW00024233","SEATTLE TACOMA AIRPORT, WA US","2021-07-03","68","82","57"
"USW00024233","SEATTLE TACOMA AIRPORT, WA US","2021-07-04","67","77","57"
"USW00024233","SEATTLE TACOMA AIRPORT, WA US","2021-07-05","64","74","56"
"USW00024233","SEATTLE TACOMA AIRPORT, WA US","2021-07-06","64","82","54"
"USW00024233","SEATTLE TACOMA AIRPORT, WA US","2021-07-07","66","71","56"
"USW00024233","SEATTLE TACOMA AIRPORT, WA US","2021-07-08","60","73","53"
"USW00024233","SEATTLE TACOMA AIRPORT, WA US","2021-07-09","65","82","54"
"USW00024233","SEATTLE TACOMA AIRPORT, WA US","2021-07-10","67","79","57"
"USW00024233","SEATTLE TACOMA AIRPORT, WA US","2021-07-11","66","81","55"
"USW00024233","SEATTLE TACOMA AIRPORT, WA US","2021-07-12","69","81","55"
"USW00024233","SEATTLE TACOMA AIRPORT, WA US","2021-07-13","65","81","54"
"USW00024233","SEATTLE TACOMA AIRPORT, WA US","2021-07-14","64","74","54"
"USW00024233","SEATTLE TACOMA AIRPORT, WA US","2021-07-15","61","69","54"
"USW00024233","SEATTLE TACOMA AIRPORT, WA US","2021-07-16","61","71","56"
"USW00024233","SEATTLE TACOMA AIRPORT, WA US","2021-07-17","64","77","55"
"USW00024233","SEATTLE TACOMA AIRPORT, WA US","2021-07-18","67","80","57"
"USW00024233","SEATTLE TACOMA AIRPORT, WA US","2021-07-19","68","82","55"
"USW00024233","SEATTLE TACOMA AIRPORT, WA US","2021-07-20","65","72","57"
"USW00024233","SEATTLE TACOMA AIRPORT, WA US","2021-07-21","62","72","56"
"USW00024233","SEATTLE TACOMA AIRPORT, WA US","2021-07-22","64","77","53"
"USW00024233","SEATTLE TACOMA AIRPORT, WA US","2021-07-23","65","80","53"
"USW00024233","SEATTLE TACOMA AIRPORT, WA US","2021-07-24","71","84","60"
"USW00024233","SEATTLE TACOMA AIRPORT, WA US","2021-07-25","72","85","60"
"USW00024233","SEATTLE TACOMA AIRPORT, WA US","2021-07-26","71","83","60"
"USW00024233","SEATTLE TACOMA AIRPORT, WA US","2021-07-27","72","83","63"
"USW00024233","SEATTLE TACOMA AIRPORT, WA US","2021-07-28","72","88","58"
"USW00024233","SEATTLE TACOMA AIRPORT, WA US","2021-07-29","75","91","59"
"USW00024233","SEATTLE TACOMA AIRPORT, WA US","2021-07-30","76","92","61"
"USW00024233","SEATTLE TACOMA AIRPORT, WA US","2021-07-31","76","77","64"
"USW00024233","SEATTLE TACOMA AIRPORT, WA US","2021-08-01","68","81","62"
"USW00024233","SEATTLE TACOMA AIRPORT, WA US","2021-08-02","69","87","57"
"USW00024233","SEATTLE TACOMA AIRPORT, WA US","2021-08-03","72","82","54"
"USW00024233","SEATTLE TACOMA AIRPORT, WA US","2021-08-04","71","88","58"
"USW00024233","SEATTLE TACOMA AIRPORT, WA US","2021-08-05","72","83","60"
"USW00024233","SEATTLE TACOMA AIRPORT, WA US","2021-08-06","69","77","62"
"USW00024233","SEATTLE TACOMA AIRPORT, WA US","2021-08-07","66","75","58"
"USW00024233","SEATTLE TACOMA AIRPORT, WA US","2021-08-08","63","74","55"
"USW00024233","SEATTLE TACOMA AIRPORT, WA US","2021-08-09","64","79","55"
"USW00024233","SEATTLE TACOMA AIRPORT, WA US","2021-08-10","71","85","62"
"USW00024233","SEATTLE TACOMA AIRPORT, WA US","2021-08-11","76","91","63"
"USW00024233","SEATTLE TACOMA AIRPORT, WA US","2021-08-12","79","95","69"
"USW00024233","SEATTLE TACOMA AIRPORT, WA US","2021-08-13","80","91","68"
"USW00024233","SEATTLE TACOMA AIRPORT, WA US","2021-08-14","73","84","61"
"USW00024233","SEATTLE TACOMA AIRPORT, WA US","2021-08-15","71","82","60"
"USW00024233","SEATTLE TACOMA AIRPORT, WA US","2021-08-16","67","76","57"
"USW00024233","SEATTLE TACOMA AIRPORT, WA US","2021-08-17","60","68","53"
"USW00024233","SEATTLE TACOMA AIRPORT, WA US","2021-08-18","62","77","53"
"USW00024233","SEATTLE TACOMA AIRPORT, WA US","2021-08-19","65","79","56"
"USW00024233","SEATTLE TACOMA AIRPORT, WA US","2021-08-20","62","66","57"
"USW00024233","SEATTLE TACOMA AIRPORT, WA US","2021-08-21","60","70","55"
"USW00024233","SEATTLE TACOMA AIRPORT, WA US","2021-08-22","62","69","55"
"USW00024233","SEATTLE TACOMA AIRPORT, WA US","2021-08-23","60","71","52"
"USW00024233","SEATTLE TACOMA AIRPORT, WA US","2021-08-24","64","79","52"
"USW00024233","SEATTLE TACOMA AIRPORT, WA US","2021-08-25","65","75","54"
"USW00024233","SEATTLE TACOMA AIRPORT, WA US","2021-08-26","63","71","58"
"USW00024233","SEATTLE TACOMA AIRPORT, WA US","2021-08-27","61","69","57"
"USW00024233","SEATTLE TACOMA AIRPORT, WA US","2021-08-28","62","78","51"
"USW00024233","SEATTLE TACOMA AIRPORT, WA US","2021-08-29","66","79","55"
"USW00024233","SEATTLE TACOMA AIRPORT, WA US","2021-08-30","61","64","50"
"USW00024233","SEATTLE TACOMA AIRPORT, WA US","2021-08-31","58","67","52"
"USW00024233","SEATTLE TACOMA AIRPORT, WA US","2021-09-01","59","72","48"
"USW00024233","SEATTLE TACOMA AIRPORT, WA US","2021-09-02","63","78","50"
"USW00024233","SEATTLE TACOMA AIRPORT, WA US","2021-09-03","66","79","53"
"USW00024233","SEATTLE TACOMA AIRPORT, WA US","2021-09-04","66","79","52"
"USW00024233","SEATTLE TACOMA AIRPORT, WA US","2021-09-05","69","79","62"
"USW00024233","SEATTLE TACOMA AIRPORT, WA US","2021-09-06","65","75","60"
"USW00024233","SEATTLE TACOMA AIRPORT, WA US","2021-09-07","66","81","55"
"USW00024233","SEATTLE TACOMA AIRPORT, WA US","2021-09-08","69","80","60"
"USW00024233","SEATTLE TACOMA AIRPORT, WA US","2021-09-09","69","80","58"
"USW00024233","SEATTLE TACOMA AIRPORT, WA US","2021-09-10","64","66","58"
"USW00024233","SEATTLE TACOMA AIRPORT, WA US","2021-09-11","62","72","56"
"USW00024233","SEATTLE TACOMA AIRPORT, WA US","2021-09-12","62","67","56"
"USW00024233","SEATTLE TACOMA AIRPORT, WA US","2021-09-13","61","69","53"
"USW00024233","SEATTLE TACOMA AIRPORT, WA US","2021-09-14","60","69","50"
"USW00024233","SEATTLE TACOMA AIRPORT, WA US","2021-09-15","60","65","53"
"USW00024233","SEATTLE TACOMA AIRPORT, WA US","2021-09-16","57","66","47"
"USW00024233","SEATTLE TACOMA AIRPORT, WA US","2021-09-17","57","69","53"
"USW00024233","SEATTLE TACOMA AIRPORT, WA US","2021-09-18","59","64","52"
"USW00024233","SEATTLE TACOMA AIRPORT, WA US","2021-09-19","55","64","51"
"USW00024233","SEATTLE TACOMA AIRPORT, WA US","2021-09-20","59","68","54"
"USW00024233","SEATTLE TACOMA AIRPORT, WA US","2021-09-21","61","75","49"
"USW00024233","SEATTLE TACOMA AIRPORT, WA US","2021-09-22","61","66","54"
"USW00024233","SEATTLE TACOMA AIRPORT, WA US","2021-09-23","60","69","54"
"USW00024233","SEATTLE TACOMA AIRPORT, WA US","2021-09-24","61","76","52"
"USW00024233","SEATTLE TACOMA AIRPORT, WA US","2021-09-25","63","77","53"
"USW00024233","SEATTLE TACOMA AIRPORT, WA US","2021-09-26","60","62","53"
"USW00024233","SEATTLE TACOMA AIRPORT, WA US","2021-09-27","57","60","51"
"USW00024233","SEATTLE TACOMA AIRPORT, WA US","2021-09-28","55","62","51"
"USW00024233","SEATTLE TACOMA AIRPORT, WA US","2021-09-29","54","59","51"
"USW00024233","SEATTLE TACOMA AIRPORT, WA US","2021-09-30","57","62","54"
"USW00024233","SEATTLE TACOMA AIRPORT, WA US","2021-10-01","56","64","49"
"USW00024233","SEATTLE TACOMA AIRPORT, WA US","2021-10-02","53","66","46"
"USW00024233","SEATTLE TACOMA AIRPORT, WA US","2021-10-03","56","57","50"
"USW00024233","SEATTLE TACOMA AIRPORT, WA US","2021-10-04","54","62","50"
"USW00024233","SEATTLE TACOMA AIRPORT, WA US","2021-10-05","54","55","48"
"USW00024233","SEATTLE TACOMA AIRPORT, WA US","2021-10-06","51","58","47"
"USW00024233","SEATTLE TACOMA AIRPORT, WA US","2021-10-07","50","58","42"
"USW00024233","SEATTLE TACOMA AIRPORT, WA US","2021-10-08","47","58","41"
"USW00024233","SEATTLE TACOMA AIRPORT, WA US","2021-10-09","50","56","43"
"USW00024233","SEATTLE TACOMA AIRPORT, WA US","2021-10-10","52","56","41"
"USW00024233","SEATTLE TACOMA AIRPORT, WA US","2021-10-11","46","54","40"
"USW00024233","SEATTLE TACOMA AIRPORT, WA US","2021-10-12","44","50","36"
"USW00024233","SEATTLE TACOMA AIRPORT, WA US","2021-10-13","46","52","43"
"USW00024233","SEATTLE TACOMA AIRPORT, WA US","2021-10-14","50","60","46"
"USW00024233","SEATTLE TACOMA AIRPORT, WA US","2021-10-15","54","61","51"
"USW00024233","SEATTLE TACOMA AIRPORT, WA US","2021-10-16","59","67","53"
"USW00024233","SEATTLE TACOMA AIRPORT, WA US","2021-10-17","56","56","49"
"USW00024233","SEATTLE TACOMA AIRPORT, WA US","2021-10-18","51","54","48"
"USW00024233","SEATTLE TACOMA AIRPORT, WA US","2021-10-19","51","61","45"
"USW00024233","SEATTLE TACOMA AIRPORT, WA US","2021-10-20","55","61","51"
"USW00024233","SEATTLE TACOMA AIRPORT, WA US","2021-10-21","58","69","51"
"USW00024233","SEATTLE TACOMA AIRPORT, WA US","2021-10-22","55","56","47"
"USW00024233","SEATTLE TACOMA AIRPORT, WA US","2021-10-23","51","54","48"
"USW00024233","SEATTLE TACOMA AIRPORT, WA US","2021-10-24","53","59","49"
"USW00024233","SEATTLE TACOMA AIRPORT, WA US","2021-10-25","55","57","49"
"USW00024233","SEATTLE TACOMA AIRPORT, WA US","2021-10-26","51","56","48"
"USW00024233","SEATTLE TACOMA AIRPORT, WA US","2021-10-27","50","54","46"
"USW00024233","SEATTLE TACOMA AIRPORT, WA US","2021-10-28","53","60","47"
"USW00024233","SEATTLE TACOMA AIRPORT, WA US","2021-10-29","50","51","40"
"USW00024233","SEATTLE TACOMA AIRPORT, WA US","2021-10-30","44","53","38"
"USW00024233","SEATTLE TACOMA AIRPORT, WA US","2021-10-31","48","59","37"
"USW00024233","SEATTLE TACOMA AIRPORT, WA US","2021-11-01","51","57","42"
"USW00024233","SEATTLE TACOMA AIRPORT, WA US","2021-11-02","48","52","44"
"USW00024233","SEATTLE TACOMA AIRPORT, WA US","2021-11-03","52","61","48"
"USW00024233","SEATTLE TACOMA AIRPORT, WA US","2021-11-04","54","57","47"
"USW00024233","SEATTLE TACOMA AIRPORT, WA US","2021-11-05","49","52","44"
"USW00024233","SEATTLE TACOMA AIRPORT, WA US","2021-11-06","45","48","41"
"USW00024233","SEATTLE TACOMA AIRPORT, WA US","2021-11-07","43","47","40"
"USW00024233","SEATTLE TACOMA AIRPORT, WA US","2021-11-08","44","58","38"
"USW00024233","SEATTLE TACOMA AIRPORT, WA US","2021-11-09","49","53","43"
"USW00024233","SEATTLE TACOMA AIRPORT, WA US","2021-11-10","45","53","40"
"USW00024233","SEATTLE TACOMA AIRPORT, WA US","2021-11-11","49","56","45"
"USW00024233","SEATTLE TACOMA AIRPORT, WA US","2021-11-12","55","58","48"
"USW00024233","SEATTLE TACOMA AIRPORT, WA US","2021-11-13","49","54","43"
"USW00024233","SEATTLE TACOMA AIRPORT, WA US","2021-11-14","54","63","54"
"USW00024233","SEATTLE TACOMA AIRPORT, WA US","2021-11-15","58","62","41"
"USW00024233","SEATTLE TACOMA AIRPORT, WA US","2021-11-16","43","49","37"
"USW00024233","SEATTLE TACOMA AIRPORT, WA US","2021-11-17","40","51","31"
"USW00024233","SEATTLE TACOMA AIRPORT, WA US","2021-11-18","46","49","41"
"USW00024233","SEATTLE TACOMA AIRPORT, WA US","2021-11-19","42","47","41"
"USW00024233","SEATTLE TACOMA AIRPORT, WA US","2021-11-20","44","48","39"
"USW00024233","SEATTLE TACOMA AIRPORT, WA US","2021-11-21","41","46","34"
"USW00024233","SEATTLE TACOMA AIRPORT, WA US","2021-11-22","40","45","34"
"USW00024233","SEATTLE TACOMA AIRPORT, WA US","2021-11-23","44","50","40"
"USW00024233","SEATTLE TACOMA AIRPORT, WA US","2021-11-24","42","47","35"
"USW00024233","SEATTLE TACOMA AIRPORT, WA US","2021-11-25","44","47","42"
"USW00024233","SEATTLE TACOMA AIRPORT, WA US","2021-11-26","48","53","45"
"USW00024233","SEATTLE TACOMA AIRPORT, WA US","2021-11-27","49","58","48"
"USW00024233","SEATTLE TACOMA AIRPORT, WA US","2021-11-28","57","59","53"
"USW00024233","SEATTLE TACOMA AIRPORT, WA US","2021-11-29","53","58","52"
"USW00024233","SEATTLE TACOMA AIRPORT, WA US","2021-11-30","53","54","51"
"USW00024233","SEATTLE TACOMA AIRPORT, WA US","2021-12-01","54","56","53"
"USW00024233","SEATTLE TACOMA AIRPORT, WA US","2021-12-02","50","53","40"
"USW00024233","SEATTLE TACOMA AIRPORT, WA US","2021-12-03","40","43","35"
"USW00024233","SEATTLE TACOMA AIRPORT, WA US","2021-12-04","39","42","37"
"USW00024233","SEATTLE TACOMA AIRPORT, WA US","2021-12-05","38","42","33"
"USW00024233","SEATTLE TACOMA AIRPORT, WA US","2021-12-06","38","45","37"
"USW00024233","SEATTLE TACOMA AIRPORT, WA US","2021-12-07","44","49","43"
"USW00024233","SEATTLE TACOMA AIRPORT, WA US","2021-12-08","46","49","38"
"USW00024233","SEATTLE TACOMA AIRPORT, WA US","2021-12-09","40","43","36"
"USW00024233","SEATTLE TACOMA AIRPORT, WA US","2021-12-10","40","46","39"
"USW00024233","SEATTLE TACOMA AIRPORT, WA US","2021-12-11","44","48","38"
"USW00024233","SEATTLE TACOMA AIRPORT, WA US","2021-12-12","39","41","36"
"USW00024233","SEATTLE TACOMA AIRPORT, WA US","2021-12-13","39","42","36"
"USW00024233","SEATTLE TACOMA AIRPORT, WA US","2021-12-14","38","40","33"
"USW00024233","SEATTLE TACOMA AIRPORT, WA US","2021-12-15","39","42","36"
"USW00024233","SEATTLE TACOMA AIRPORT, WA US","2021-12-16","39","44","36"
"USW00024233","SEATTLE TACOMA AIRPORT, WA US","2021-12-17","39","44","35"
"USW00024233","SEATTLE TACOMA AIRPORT, WA US","2021-12-18","42","50","36"
"USW00024233","SEATTLE TACOMA AIRPORT, WA US","2021-12-19","40","45","36"
"USW00024233","SEATTLE TACOMA AIRPORT, WA US","2021-12-20","37","37","33"
"USW00024233","SEATTLE TACOMA AIRPORT, WA US","2021-12-21","35","41","34"
"USW00024233","SEATTLE TACOMA AIRPORT, WA US","2021-12-22","43","50","41"
"USW00024233","SEATTLE TACOMA AIRPORT, WA US","2021-12-23","43","46","38"
"USW00024233","SEATTLE TACOMA AIRPORT, WA US","2021-12-24","38","43","36"
"USW00024233","SEATTLE TACOMA AIRPORT, WA US","2021-12-25","37","37","31"
"USW00024233","SEATTLE TACOMA AIRPORT, WA US","2021-12-26","29","31","20"
"USW00024233","SEATTLE TACOMA AIRPORT, WA US","2021-12-27","20","27","17"
"USW00024233","SEATTLE TACOMA AIRPORT, WA US","2021-12-28","25","28","24"
"USW00024233","SEATTLE TACOMA AIRPORT, WA US","2021-12-29","26","29","22"
"USW00024233","SEATTLE TACOMA AIRPORT, WA US","2021-12-30","30","34","28"
"USW00024233","SEATTLE TACOMA AIRPORT, WA US","2021-12-31","29","31","22"
"USW00024233","SEATTLE TACOMA AIRPORT, WA US","2022-01-01","25","34","22"
"USW00024233","SEATTLE TACOMA AIRPORT, WA US","2022-01-02","34","43","30"
"USW00024233","SEATTLE TACOMA AIRPORT, WA US","2022-01-03","38","41","33"
"USW00024233","SEATTLE TACOMA AIRPORT, WA US","2022-01-04","36","42","35"
"USW00024233","SEATTLE TACOMA AIRPORT, WA US","2022-01-05","38","39","34"
"USW00024233","SEATTLE TACOMA AIRPORT, WA US","2022-01-06","41","50","36"
"USW00024233","SEATTLE TACOMA AIRPORT, WA US","2022-01-07","47","48","38"
"USW00024233","SEATTLE TACOMA AIRPORT, WA US","2022-01-08","39","45","37"
"USW00024233","SEATTLE TACOMA AIRPORT, WA US","2022-01-09","40","50","32"
"USW00024233","SEATTLE TACOMA AIRPORT, WA US","2022-01-10","42","48","33"
"USW00024233","SEATTLE TACOMA AIRPORT, WA US","2022-01-11","48","53","45"
"USW00024233","SEATTLE TACOMA AIRPORT, WA US","2022-01-12","52","56","43"
"USW00024233","SEATTLE TACOMA AIRPORT, WA US","2022-01-13","49","54","41"
"USW00024233","SEATTLE TACOMA AIRPORT, WA US","2022-01-14","45","50","39"
"USW00024233","SEATTLE TACOMA AIRPORT, WA US","2022-01-15","42","43","38"
"USW00024233","SEATTLE TACOMA AIRPORT, WA US","2022-01-16","40","42","38"
"USW00024233","SEATTLE TACOMA AIRPORT, WA US","2022-01-17","40","48","39"
"USW00024233","SEATTLE TACOMA AIRPORT, WA US","2022-01-18","46","47","45"
"USW00024233","SEATTLE TACOMA AIRPORT, WA US","2022-01-19","45","50","42"
"USW00024233","SEATTLE TACOMA AIRPORT, WA US","2022-01-20","49","52","40"
"USW00024233","SEATTLE TACOMA AIRPORT, WA US","2022-01-21","43","48","37"
"USW00024233","SEATTLE TACOMA AIRPORT, WA US","2022-01-22","40","44","34"
"USW00024233","SEATTLE TACOMA AIRPORT, WA US","2022-01-23","37","38","35"
"USW00024233","SEATTLE TACOMA AIRPORT, WA US","2022-01-24","36","39","34"
"USW00024233","SEATTLE TACOMA AIRPORT, WA US","2022-01-25","36","44","33"
"USW00024233","SEATTLE TACOMA AIRPORT, WA US","2022-01-26","35","39","32"
"USW00024233","SEATTLE TACOMA AIRPORT, WA US","2022-01-27","35","45","31"
"USW00024233","SEATTLE TACOMA AIRPORT, WA US","2022-01-28","37","50","28"
"USW00024233","SEATTLE TACOMA AIRPORT, WA US","2022-01-29","41","52","30"
"USW00024233","SEATTLE TACOMA AIRPORT, WA US","2022-01-30","45","53","39"
"USW00024233","SEATTLE TACOMA AIRPORT, WA US","2022-01-31","42","46","35"
"USW00024233","SEATTLE TACOMA AIRPORT, WA US","2022-02-01","39","45","35"
"USW00024233","SEATTLE TACOMA AIRPORT, WA US","2022-02-02","37","43","33"
"USW00024233","SEATTLE TACOMA AIRPORT, WA US","2022-02-03","43","48","41"
"USW00024233","SEATTLE TACOMA AIRPORT, WA US","2022-02-04","44","48","40"
"USW00024233","SEATTLE TACOMA AIRPORT, WA US","2022-02-05","44","47","38"
"USW00024233","SEATTLE TACOMA AIRPORT, WA US","2022-02-06","41","49","34"
"USW00024233","SEATTLE TACOMA AIRPORT, WA US","2022-02-07","45","52","40"
"USW00024233","SEATTLE TACOMA AIRPORT, WA US","2022-02-08","44","47","41"
"USW00024233","SEATTLE TACOMA AIRPORT, WA US","2022-02-09","45","54","39"
"USW00024233","SEATTLE TACOMA AIRPORT, WA US","2022-02-10","47","49","42"
"USW00024233","SEATTLE TACOMA AIRPORT, WA US","2022-02-11","45","51","40"
"USW00024233","SEATTLE TACOMA AIRPORT, WA US","2022-02-12","44","56","36"
"USW00024233","SEATTLE TACOMA AIRPORT, WA US","2022-02-13","42","57","32"
"USW00024233","SEATTLE TACOMA AIRPORT, WA US","2022-02-14","47","48","41"
"USW00024233","SEATTLE TACOMA AIRPORT, WA US","2022-02-15","44","50","39"
"USW00024233","SEATTLE TACOMA AIRPORT, WA US","2022-02-16","46","51","38"
"USW00024233","SEATTLE TACOMA AIRPORT, WA US","2022-02-17","42","47","36"
"USW00024233","SEATTLE TACOMA AIRPORT, WA US","2022-02-18","45","49","42"
"USW00024233","SEATTLE TACOMA AIRPORT, WA US","2022-02-19","43","46","40"
"USW00024233","SEATTLE TACOMA AIRPORT, WA US","2022-02-20","43","48","36"
"USW00024233","SEATTLE TACOMA AIRPORT, WA US","2022-02-21","38","42","29"
"USW00024233","SEATTLE TACOMA AIRPORT, WA US","2022-02-22","33","35","27"
"USW00024233","SEATTLE TACOMA AIRPORT, WA US","2022-02-23","29","36","23"
"USW00024233","SEATTLE TACOMA AIRPORT, WA US","2022-02-24","33","40","27"
"USW00024233","SEATTLE TACOMA AIRPORT, WA US","2022-02-25","34","48","26"
"USW00024233","SEATTLE TACOMA AIRPORT, WA US","2022-02-26","41","50","34"
"USW00024233","SEATTLE TACOMA AIRPORT, WA US","2022-02-27","44","50","42"
"USW00024233","SEATTLE TACOMA AIRPORT, WA US","2022-02-28","49","54","47"
"USW00024233","SEATTLE TACOMA AIRPORT, WA US","2022-03-01","53","57","49"
"USW00024233","SEATTLE TACOMA AIRPORT, WA US","2022-03-02","50","51","46"
"USW00024233","SEATTLE TACOMA AIRPORT, WA US","2022-03-03","45","50","41"
"USW00024233","SEATTLE TACOMA AIRPORT, WA US","2022-03-04","44","49","41"
"USW00024233","SEATTLE TACOMA AIRPORT, WA US","2022-03-05","43","51","37"
"USW00024233","SEATTLE TACOMA AIRPORT, WA US","2022-03-06","42","50","32"
"USW00024233","SEATTLE TACOMA AIRPORT, WA US","2022-03-07","42","48","35"
"USW00024233","SEATTLE TACOMA AIRPORT, WA US","2022-03-08","44","48","38"
"USW00024233","SEATTLE TACOMA AIRPORT, WA US","2022-03-09","41","47","34"
"USW00024233","SEATTLE TACOMA AIRPORT, WA US","2022-03-10","38","46","29"
"USW00024233","SEATTLE TACOMA AIRPORT, WA US","2022-03-11","43","50","40"
"USW00024233","SEATTLE TACOMA AIRPORT, WA US","2022-03-12","47","55","39"
"USW00024233","SEATTLE TACOMA AIRPORT, WA US","2022-03-13","47","53","39"
"USW00024233","SEATTLE TACOMA AIRPORT, WA US","2022-03-14","46","49","43"
"USW00024233","SEATTLE TACOMA AIRPORT, WA US","2022-03-15","46","53","43"
"USW00024233","SEATTLE TACOMA AIRPORT, WA US","2022-03-16","46","53","41"
"USW00024233","SEATTLE TACOMA AIRPORT, WA US","2022-03-17","46","51","42"
"USW00024233","SEATTLE TACOMA AIRPORT, WA US","2022-03-18","47","55","44"
"USW00024233","SEATTLE TACOMA AIRPORT, WA US","2022-03-19","48","52","39"
"USW00024233","SEATTLE TACOMA AIRPORT, WA US","2022-03-20","42","48","38"
"USW00024233","SEATTLE TACOMA AIRPORT, WA US","2022-03-21","43","49","41"
"USW00024233","SEATTLE TACOMA AIRPORT, WA US","2022-03-22","51","63","48"
"USW00024233","SEATTLE TACOMA AIRPORT, WA US","2022-03-23","54","56","41"
"USW00024233","SEATTLE TACOMA AIRPORT, WA US","2022-03-24","46","57","40"
"USW00024233","SEATTLE TACOMA AIRPORT, WA US","2022-03-25","49","59","42"
"USW00024233","SEATTLE TACOMA AIRPORT, WA US","2022-03-26","51","59","46"
"USW00024233","SEATTLE TACOMA AIRPORT, WA US","2022-03-27","53","63","44"
"USW00024233","SEATTLE TACOMA AIRPORT, WA US","2022-03-28","53","56","44"
"USW00024233","SEATTLE TACOMA AIRPORT, WA US","2022-03-29","49","58","44"
"USW00024233","SEATTLE TACOMA AIRPORT, WA US","2022-03-30","49","56","43"
"USW00024233","SEATTLE TACOMA AIRPORT, WA US","2022-03-31","46","54","41"
"USW00024233","SEATTLE TACOMA AIRPORT, WA US","2022-04-01","47","53","40"
"USW00024233","SEATTLE TACOMA AIRPORT, WA US","2022-04-02","47","55","42"
"USW00024233","SEATTLE TACOMA AIRPORT, WA US","2022-04-03","48","54","44"
"USW00024233","SEATTLE TACOMA AIRPORT, WA US","2022-04-04","46","49","38"
"USW00024233","SEATTLE TACOMA AIRPORT, WA US","2022-04-05","43","53","39"
"USW00024233","SEATTLE TACOMA AIRPORT, WA US","2022-04-06","45","60","33"
"USW00024233","SEATTLE TACOMA AIRPORT, WA US","2022-04-07","55","73","42"
"USW00024233","SEATTLE TACOMA AIRPORT, WA US","2022-04-08","55","56","41"
"USW00024233","SEATTLE TACOMA AIRPORT, WA US","2022-04-09","43","49","36"
"USW00024233","SEATTLE TACOMA AIRPORT, WA US","2022-04-10","41","48","36"
"USW00024233","SEATTLE TACOMA AIRPORT, WA US","2022-04-11","42","53","37"
"USW00024233","SEATTLE TACOMA AIRPORT, WA US","2022-04-12","42","47","33"
"USW00024233","SEATTLE TACOMA AIRPORT, WA US","2022-04-13","38","44","32"
"USW00024233","SEATTLE TACOMA AIRPORT, WA US","2022-04-14","38","48","35"
"USW00024233","SEATTLE TACOMA AIRPORT, WA US","2022-04-15","41","50","36"
"USW00024233","SEATTLE TACOMA AIRPORT, WA US","2022-04-16","43","48","37"
"USW00024233","SEATTLE TACOMA AIRPORT, WA US","2022-04-17","44","58","37"
"USW00024233","SEATTLE TACOMA AIRPORT, WA US","2022-04-18","50","52","41"
"USW00024233","SEATTLE TACOMA AIRPORT, WA US","2022-04-19","44","54","39"
"USW00024233","SEATTLE TACOMA AIRPORT, WA US","2022-04-20","46","54","38"
"USW00024233","SEATTLE TACOMA AIRPORT, WA US","2022-04-21","48","56","42"
"USW00024233","SEATTLE TACOMA AIRPORT, WA US","2022-04-22","47","58","42"
"USW00024233","SEATTLE TACOMA AIRPORT, WA US","2022-04-23","50","59","44"
"USW00024233","SEATTLE TACOMA AIRPORT, WA US","2022-04-24","53","67","42"
"USW00024233","SEATTLE TACOMA AIRPORT, WA US","2022-04-25","53","57","45"
"USW00024233","SEATTLE TACOMA AIRPORT, WA US","2022-04-26","47","52","41"
"USW00024233","SEATTLE TACOMA AIRPORT, WA US","2022-04-27","47","56","39"
"USW00024233","SEATTLE TACOMA AIRPORT, WA US","2022-04-28","48","57","42"
"USW00024233","SEATTLE TACOMA AIRPORT, WA US","2022-04-29","50","60","44"
"USW00024233","SEATTLE TACOMA AIRPORT, WA US","2022-04-30","53","60","46"
"USW00024233","SEATTLE TACOMA AIRPORT, WA US","2022-05-01","52","62","44"
"USW00024233","SEATTLE TACOMA AIRPORT, WA US","2022-05-02","53","54","47"
"USW00024233","SEATTLE TACOMA AIRPORT, WA US","2022-05-03","50","54","46"
"USW00024233","SEATTLE TACOMA AIRPORT, WA US","2022-05-04","51","65","45"
"USW00024233","SEATTLE TACOMA AIRPORT, WA US","2022-05-05","51","52","44"
"USW00024233","SEATTLE TACOMA AIRPORT, WA US","2022-05-06","48","55","42"
"USW00024233","SEATTLE TACOMA AIRPORT, WA US","2022-05-07","49","55","42"
"USW00024233","SEATTLE TACOMA AIRPORT, WA US","2022-05-08","46","55","40"
"USW00024233","SEATTLE TACOMA AIRPORT, WA US","2022-05-09","47","57","40"
"USW00024233","SEATTLE TACOMA AIRPORT, WA US","2022-05-10","49","59","41"
"USW00024233","SEATTLE TACOMA AIRPORT, WA US","2022-05-11","51","59","42"
"USW00024233","SEATTLE TACOMA AIRPORT, WA US","2022-05-12","49","51","42"
"USW00024233","SEATTLE TACOMA AIRPORT, WA US","2022-05-13","47","58","40"
"USW00024233","SEATTLE TACOMA AIRPORT, WA US","2022-05-14","53","66","46"
"USW00024233","SEATTLE TACOMA AIRPORT, WA US","2022-05-15","56","59","51"
"USW00024233","SEATTLE TACOMA AIRPORT, WA US","2022-05-16","55","60","45"
"USW00024233","SEATTLE TACOMA AIRPORT, WA US","2022-05-17","51","61","44"
"USW00024233","SEATTLE TACOMA AIRPORT, WA US","2022-05-18","52","57","46"
"USW00024233","SEATTLE TACOMA AIRPORT, WA US","2022-05-19","49","58","43"
"USW00024233","SEATTLE TACOMA AIRPORT, WA US","2022-05-20","50","61","41"
"USW00024233","SEATTLE TACOMA AIRPORT, WA US","2022-05-21","54","67","44"
"USW00024233","SEATTLE TACOMA AIRPORT, WA US","2022-05-22","58","71","46"
"USW00024233","SEATTLE TACOMA AIRPORT, WA US","2022-05-23","59","66","51"
"USW00024233","SEATTLE TACOMA AIRPORT, WA US","2022-05-24","56","59","51"
"USW00024233","SEATTLE TACOMA AIRPORT, WA US","2022-05-25","56","68","51"
"USW00024233","SEATTLE TACOMA AIRPORT, WA US","2022-05-26","58","66","50"
"USW00024233","SEATTLE TACOMA AIRPORT, WA US","2022-05-27","57","62","49"
"USW00024233","SEATTLE TACOMA AIRPORT, WA US","2022-05-28","53","58","48"
"USW00024233","SEATTLE TACOMA AIRPORT, WA US","2022-05-29","51","56","48"
"USW00024233","SEATTLE TACOMA AIRPORT, WA US","2022-05-30","51","60","45"
"USW00024233","SEATTLE TACOMA AIRPORT, WA US","2022-05-31","56","70","47"
"USW00024233","SEATTLE TACOMA AIRPORT, WA US","2022-06-01","61","71","53"
"USW00024233","SEATTLE TACOMA AIRPORT, WA US","2022-06-02","62","73","53"
"USW00024233","SEATTLE TACOMA AIRPORT, WA US","2022-06-03","60","62","53"
"USW00024233","SEATTLE TACOMA AIRPORT, WA US","2022-06-04","59","68","54"
"USW00024233","SEATTLE TACOMA AIRPORT, WA US","2022-06-05","60","65","53"
"USW00024233","SEATTLE TACOMA AIRPORT, WA US","2022-06-06","56","64","51"
"USW00024233","SEATTLE TACOMA AIRPORT, WA US","2022-06-07","59","72","51"
"USW00024233","SEATTLE TACOMA AIRPORT, WA US","2022-06-08","62","70","56"
"USW00024233","SEATTLE TACOMA AIRPORT, WA US","2022-06-09","58","59","53"
"USW00024233","SEATTLE TACOMA AIRPORT, WA US","2022-06-10","60","67","55"
"USW00024233","SEATTLE TACOMA AIRPORT, WA US","2022-06-11","59","69","54"
"USW00024233","SEATTLE TACOMA AIRPORT, WA US","2022-06-12","57","57","50"
"USW00024233","SEATTLE TACOMA AIRPORT, WA US","2022-06-13","53","60","48"
"USW00024233","SEATTLE TACOMA AIRPORT, WA US","2022-06-14","53","63","48"
"USW00024233","SEATTLE TACOMA AIRPORT, WA US","2022-06-15","55","62","50"
"USW00024233","SEATTLE TACOMA AIRPORT, WA US","2022-06-16","57","67","50"
"USW00024233","SEATTLE TACOMA AIRPORT, WA US","2022-06-17","58","57","53"
"USW00024233","SEATTLE TACOMA AIRPORT, WA US","2022-06-18","55","63","52"
"USW00024233","SEATTLE TACOMA AIRPORT, WA US","2022-06-19","57","66","52"
"USW00024233","SEATTLE TACOMA AIRPORT, WA US","2022-06-20","58","68","52"
"USW00024233","SEATTLE TACOMA AIRPORT, WA US","2022-06-21","61","76","50"
"USW00024233","SEATTLE TACOMA AIRPORT, WA US","2022-06-22","63","68","56"
"USW00024233","SEATTLE TACOMA AIRPORT, WA US","2022-06-23","60","71","51"
"USW00024233","SEATTLE TACOMA AIRPORT, WA US","2022-06-24","63","77","52"
"USW00024233","SEATTLE TACOMA AIRPORT, WA US","2022-06-25","71","87","58"
"USW00024233","SEATTLE TACOMA AIRPORT, WA US","2022-06-26","78","90","67"
"USW00024233","SEATTLE TACOMA AIRPORT, WA US","2022-06-27","78","91","57"
"USW00024233","SEATTLE TACOMA AIRPORT, WA US","2022-06-28","65","65","56"
"USW00024233","SEATTLE TACOMA AIRPORT, WA US","2022-06-29","58","69","54"
"USW00024233","SEATTLE TACOMA AIRPORT, WA US","2022-06-30","62","75","54"
"USW00024233","SEATTLE TACOMA AIRPORT, WA US","2022-07-01","65","75","55"
"USW00024233","SEATTLE TACOMA AIRPORT, WA US","2022-07-02","62","67","54"
"USW00024233","SEATTLE TACOMA AIRPORT, WA US","2022-07-03","58","58","52"
"USW00024233","SEATTLE TACOMA AIRPORT, WA US","2022-07-04","57","72","51"
"USW00024233","SEATTLE TACOMA AIRPORT, WA US","2022-07-05","63","76","53"
"USW00024233","SEATTLE TACOMA AIRPORT, WA US","2022-07-06","64","74","60"
"USW00024233","SEATTLE TACOMA AIRPORT, WA US","2022-07-07","66","77","58"
"USW00024233","SEATTLE TACOMA AIRPORT, WA US","2022-07-08","67","77","60"
"USW00024233","SEATTLE TACOMA AIRPORT, WA US","2022-07-09","67","77","58"
"USW00024233","SEATTLE TACOMA AIRPORT, WA US","2022-07-10","65","75","58"
"USW00024233","SEATTLE TACOMA AIRPORT, WA US","2022-07-11","70","86","60"
"USW00024233","SEATTLE TACOMA AIRPORT, WA US","2022-07-12","74","85","59"
"USW00024233","SEATTLE TACOMA AIRPORT, WA US","2022-07-13","66","77","55"
"USW00024233","SEATTLE TACOMA AIRPORT, WA US","2022-07-14","65","80","53"
"USW00024233","SEATTLE TACOMA AIRPORT, WA US","2022-07-15","66","78","54"
"USW00024233","SEATTLE TACOMA AIRPORT, WA US","2022-07-16","66","71","60"
"USW00024233","SEATTLE TACOMA AIRPORT, WA US","2022-07-17","62","69","57"
"USW00024233","SEATTLE TACOMA AIRPORT, WA US","2022-07-18","61","74","54"
"USW00024233","SEATTLE TACOMA AIRPORT, WA US","2022-07-19","66","83","55"
"USW00024233","SEATTLE TACOMA AIRPORT, WA US","2022-07-20","71","84","59"
"USW00024233","SEATTLE TACOMA AIRPORT, WA US","2022-07-21","69","81","57"
"USW00024233","SEATTLE TACOMA AIRPORT, WA US","2022-07-22","65","72","57"
"USW00024233","SEATTLE TACOMA AIRPORT, WA US","2022-07-23","63","72","57"
"USW00024233","SEATTLE TACOMA AIRPORT, WA US","2022-07-24","67","84","56"
"USW00024233","SEATTLE TACOMA AIRPORT, WA US","2022-07-25","74","87","62"
"USW00024233","SEATTLE TACOMA AIRPORT, WA US","2022-07-26","78","94","65"
"USW00024233","SEATTLE TACOMA AIRPORT, WA US","2022-07-27","77","91","61"
"USW00024233","SEATTLE TACOMA AIRPORT, WA US","2022-07-28","76","94","61"
"USW00024233","SEATTLE TACOMA AIRPORT, WA US","2022-07-29","78","95","63"
"USW00024233","SEATTLE TACOMA AIRPORT, WA US","2022-07-30","79","95","63"
"USW00024233","SEATTLE TACOMA AIRPORT, WA US","2022-07-31","80","95","65"
"USW00024233","SEATTLE TACOMA AIRPORT, WA US","2022-08-01","74","81","61"
"USW00024233","SEATTLE TACOMA AIRPORT, WA US","2022-08-02","66","77","58"
"USW00024233","SEATTLE TACOMA AIRPORT, WA US","2022-08-03","64","74","53"
"USW00024233","SEATTLE TACOMA AIRPORT, WA US","2022-08-04","63","70","58"
"USW00024233","SEATTLE TACOMA AIRPORT, WA US","2022-08-05","64","76","55"
"USW00024233","SEATTLE TACOMA AIRPORT, WA US","2022-08-06","69","84","56"
"USW00024233","SEATTLE TACOMA AIRPORT, WA US","2022-08-07","74","90","61"
"USW00024233","SEATTLE TACOMA AIRPORT, WA US","2022-08-08","76","91","61"
"USW00024233","SEATTLE TACOMA AIRPORT, WA US","2022-08-09","67","79","59"
"USW00024233","SEATTLE TACOMA AIRPORT, WA US","2022-08-10","66","70","59"
"USW00024233","SEATTLE TACOMA AIRPORT, WA US","2022-08-11","66","81","58"
"USW00024233","SEATTLE TACOMA AIRPORT, WA US","2022-08-12","67","78","56"
"USW00024233","SEATTLE TACOMA AIRPORT, WA US","2022-08-13","67","75","60"
"USW00024233","SEATTLE TACOMA AIRPORT, WA US","2022-08-14","67","82","59"
"USW00024233","SEATTLE TACOMA AIRPORT, WA US","2022-08-15","70","84","58"
"USW00024233","SEATTLE TACOMA AIRPORT, WA US","2022-08-16","68","83","58"
"USW00024233","SEATTLE TACOMA AIRPORT, WA US","2022-08-17","74","90","63"
"USW00024233","SEATTLE TACOMA AIRPORT, WA US","2022-08-18","78","87","68"
"USW00024233","SEATTLE TACOMA AIRPORT, WA US","2022-08-19","74","79","63"
"USW00024233","SEATTLE TACOMA AIRPORT, WA US","2022-08-20","68","77","62"
"USW00024233","SEATTLE TACOMA AIRPORT, WA US","2022-08-21","68","81","62"
"USW00024233","SEATTLE TACOMA AIRPORT, WA US","2022-08-22","70","84","59"
"USW00024233","SEATTLE TACOMA AIRPORT, WA US","2022-08-23","67","81","57"
"USW00024233","SEATTLE TACOMA AIRPORT, WA US","2022-08-24","72","87","59"
"USW00024233","SEATTLE TACOMA AIRPORT, WA US","2022-08-25","75","89","60"
"USW00024233","SEATTLE TACOMA AIRPORT, WA US","2022-08-26","67","72","60"
"USW00024233","SEATTLE TACOMA AIRPORT, WA US","2022-08-27","63","70","57"
"USW00024233","SEATTLE TACOMA AIRPORT, WA US","2022-08-28","62","77","53"
"USW00024233","SEATTLE TACOMA AIRPORT, WA US","2022-08-29","68","85","56"
"USW00024233","SEATTLE TACOMA AIRPORT, WA US","2022-08-30","75","90","62"
"USW00024233","SEATTLE TACOMA AIRPORT, WA US","2022-08-31","75","85","60"
"USW00024233","SEATTLE TACOMA AIRPORT, WA US","2022-09-01","65","79","58"
"USW00024233","SEATTLE TACOMA AIRPORT, WA US","2022-09-02","66","80","56"
"USW00024233","SEATTLE TACOMA AIRPORT, WA US","2022-09-03","64","74","57"
"USW00024233","SEATTLE TACOMA AIRPORT, WA US","2022-09-04","66","76","57"
"USW00024233","SEATTLE TACOMA AIRPORT, WA US","2022-09-05","64","75","55"
"USW00024233","SEATTLE TACOMA AIRPORT, WA US","2022-09-06","65","80","54"
"USW00024233","SEATTLE TACOMA AIRPORT, WA US","2022-09-07","68","78","58"
"USW00024233","SEATTLE TACOMA AIRPORT, WA US","2022-09-08","64","73","52"
"USW00024233","SEATTLE TACOMA AIRPORT, WA US","2022-09-09","64","78","55"
"USW00024233","SEATTLE TACOMA AIRPORT, WA US","2022-09-10","71","92","58"
"USW00024233","SEATTLE TACOMA AIRPORT, WA US","2022-09-11","71","72","60"
"USW00024233","SEATTLE TACOMA AIRPORT, WA US","2022-09-12","65","72","60"
"USW00024233","SEATTLE TACOMA AIRPORT, WA US","2022-09-13","65","69","59"
"USW00024233","SEATTLE TACOMA AIRPORT, WA US","2022-09-14","64","70","58"
"USW00024233","SEATTLE TACOMA AIRPORT, WA US","2022-09-15","62","69","57"
"USW00024233","SEATTLE TACOMA AIRPORT, WA US","2022-09-16","59","69","54"
"USW00024233","SEATTLE TACOMA AIRPORT, WA US","2022-09-17","59","68","51"
"USW00024233","SEATTLE TACOMA AIRPORT, WA US","2022-09-18","60","74","55"
"USW00024233","SEATTLE TACOMA AIRPORT, WA US","2022-09-19","63","77","49"
"USW00024233","SEATTLE TACOMA AIRPORT, WA US","2022-09-20","66","78","55"
"USW00024233","SEATTLE TACOMA AIRPORT, WA US","2022-09-21","65","77","50"
"USW00024233","SEATTLE TACOMA AIRPORT, WA US","2022-09-22","62","70","54"
"USW00024233","SEATTLE TACOMA AIRPORT, WA US","2022-09-23","61","69","55"
"USW00024233","SEATTLE TACOMA AIRPORT, WA US","2022-09-24","62","75","51"
"USW00024233","SEATTLE TACOMA AIRPORT, WA US","2022-09-25","64","80","53"
"USW00024233","SEATTLE TACOMA AIRPORT, WA US","2022-09-26","66","82","55"
"USW00024233","SEATTLE TACOMA AIRPORT, WA US","2022-09-27","66","76","53"
"USW00024233","SEATTLE TACOMA AIRPORT, WA US","2022-09-28","58","65","54"
"USW00024233","SEATTLE TACOMA AIRPORT, WA US","2022-09-29","61","70","56"
"USW00024233","SEATTLE TACOMA AIRPORT, WA US","2022-09-30","60","70","53"
"USW00024233","SEATTLE TACOMA AIRPORT, WA US","2022-10-01","64","78","54"
"USW00024233","SEATTLE TACOMA AIRPORT, WA US","2022-10-02","66","80","55"
"USW00024233","SEATTLE TACOMA AIRPORT, WA US","2022-10-03","65","78","53"
"USW00024233","SEATTLE TACOMA AIRPORT, WA US","2022-10-04","59","64","53"
"USW00024233","SEATTLE TACOMA AIRPORT, WA US","2022-10-05","58","64","53"
"USW00024233","SEATTLE TACOMA AIRPORT, WA US","2022-10-06","59","74","53"
"USW00024233","SEATTLE TACOMA AIRPORT, WA US","2022-10-07","63","77","53"
"USW00024233","SEATTLE TACOMA AIRPORT, WA US","2022-10-08","64","77","53"
"USW00024233","SEATTLE TACOMA AIRPORT, WA US","2022-10-09","62","74","51"
"USW00024233","SEATTLE TACOMA AIRPORT, WA US","2022-10-10","61","69","51"
"USW00024233","SEATTLE TACOMA AIRPORT, WA US","2022-10-11","58","68","48"
"USW00024233","SEATTLE TACOMA AIRPORT, WA US","2022-10-12","58","69","49"
"USW00024233","SEATTLE TACOMA AIRPORT, WA US","2022-10-13","58","75","48"
"USW00024233","SEATTLE TACOMA AIRPORT, WA US","2022-10-14","60","73","48"
"USW00024233","SEATTLE TACOMA AIRPORT, WA US","2022-10-15","62","77","54"
"USW00024233","SEATTLE TACOMA AIRPORT, WA US","2022-10-16","70","88","55"
"USW00024233","SEATTLE TACOMA AIRPORT, WA US","2022-10-17","59","67","52"
"USW00024233","SEATTLE TACOMA AIRPORT, WA US","2022-10-18","57","68","47"
"USW00024233","SEATTLE TACOMA AIRPORT, WA US","2022-10-19","56","67","48"
"USW00024233","SEATTLE TACOMA AIRPORT, WA US","2022-10-20","55","63","48"
"USW00024233","SEATTLE TACOMA AIRPORT, WA US","2022-10-21","52","53","46"
"USW00024233","SEATTLE TACOMA AIRPORT, WA US","2022-10-22","47","50","43"
"USW00024233","SEATTLE TACOMA AIRPORT, WA US","2022-10-23","46","55","41"
"USW00024233","SEATTLE TACOMA AIRPORT, WA US","2022-10-24","50","57","45"
"USW00024233","SEATTLE TACOMA AIRPORT, WA US","2022-10-25","49","51","45"
"USW00024233","SEATTLE TACOMA AIRPORT, WA US","2022-10-26","46","53","41"
"USW00024233","SEATTLE TACOMA AIRPORT, WA US","2022-10-27","52","59","49"
"USW00024233","SEATTLE TACOMA AIRPORT, WA US","2022-10-28","54","57","47"
"USW00024233","SEATTLE TACOMA AIRPORT, WA US","2022-10-29","50","56","43"
"USW00024233","SEATTLE TACOMA AIRPORT, WA US","2022-10-30","52","56","50"
"USW00024233","SEATTLE TACOMA AIRPORT, WA US","2022-10-31","53","54","46"
"USW00024233","SEATTLE TACOMA AIRPORT, WA US","2022-11-01","47","51","41"
"USW00024233","SEATTLE TACOMA AIRPORT, WA US","2022-11-02","43","46","38"
"USW00024233","SEATTLE TACOMA AIRPORT, WA US","2022-11-03","41","44","37"
"USW00024233","SEATTLE TACOMA AIRPORT, WA US","2022-11-04","48","57","42"
"USW00024233","SEATTLE TACOMA AIRPORT, WA US","2022-11-05","49","51","41"
"USW00024233","SEATTLE TACOMA AIRPORT, WA US","2022-11-06","43","45","38"
"USW00024233","SEATTLE TACOMA AIRPORT, WA US","2022-11-07","40","45","37"
"USW00024233","SEATTLE TACOMA AIRPORT, WA US","2022-11-08","39","43","35"
"USW00024233","SEATTLE TACOMA AIRPORT, WA US","2022-11-09","38","45","32"
"USW00024233","SEATTLE TACOMA AIRPORT, WA US","2022-11-10","40","46","35"
"USW00024233","SEATTLE TACOMA AIRPORT, WA US","2022-11-11","42","49","37"
"USW00024233","SEATTLE TACOMA AIRPORT, WA US","2022-11-12","42","50","33"
"USW00024233","SEATTLE TACOMA AIRPORT, WA US","2022-11-13","41","49","35"
"USW00024233","SEATTLE TACOMA AIRPORT, WA US","2022-11-14","42","52","36"
"USW00024233","SEATTLE TACOMA AIRPORT, WA US","2022-11-15","43","54","34"
"USW00024233","SEATTLE TACOMA AIRPORT, WA US","2022-11-16","41","51","31"
"USW00024233","SEATTLE TACOMA AIRPORT, WA US","2022-11-17","43","51","36"
"USW00024233","SEATTLE TACOMA AIRPORT, WA US","2022-11-18","42","51","30"
"USW00024233","SEATTLE TACOMA AIRPORT, WA US","2022-11-19","40","50","31"
"USW00024233","SEATTLE TACOMA AIRPORT, WA US","2022-11-20","40","52","32"
"USW00024233","SEATTLE TACOMA AIRPORT, WA US","2022-11-21","44","48","39"
"USW00024233","SEATTLE TACOMA AIRPORT, WA US","2022-11-22","46","49","44"
"USW00024233","SEATTLE TACOMA AIRPORT, WA US","2022-11-23","48","53","41"
"USW00024233","SEATTLE TACOMA AIRPORT, WA US","2022-11-24","44","52","36"
"USW00024233","SEATTLE TACOMA AIRPORT, WA US","2022-11-25","47","49","36"
"USW00024233","SEATTLE TACOMA AIRPORT, WA US","2022-11-26","39","45","34"
"USW00024233","SEATTLE TACOMA AIRPORT, WA US","2022-11-27","44","47","39"
"USW00024233","SEATTLE TACOMA AIRPORT, WA US","2022-11-28","39","40","33"
"USW00024233","SEATTLE TACOMA AIRPORT, WA US","2022-11-29","34","39","30"
"USW00024233","SEATTLE TACOMA AIRPORT, WA US","2022-11-30","38","41","29"
"USW00024233","SEATTLE TACOMA AIRPORT, WA US","2022-12-01","33","37","28"
"USW00024233","SEATTLE TACOMA AIRPORT, WA US","2022-12-02","32","39","27"
"USW00024233","SEATTLE TACOMA AIRPORT, WA US","2022-12-03","37","43","33"
"USW00024233","SEATTLE TACOMA AIRPORT, WA US","2022-12-04","35","38","32"
"USW00024233","SEATTLE TACOMA AIRPORT, WA US","2022-12-05","36","41","35"
"USW00024233","SEATTLE TACOMA AIRPORT, WA US","2022-12-06","38","42","36"
"USW00024233","SEATTLE TACOMA AIRPORT, WA US","2022-12-07","41","45","38"
"USW00024233","SEATTLE TACOMA AIRPORT, WA US","2022-12-08","42","43","37"
"USW00024233","SEATTLE TACOMA AIRPORT, WA US","2022-12-09","40","43","36"
"USW00024233","SEATTLE TACOMA AIRPORT, WA US","2022-12-10","42","46","40"
"USW00024233","SEATTLE TACOMA AIRPORT, WA US","2022-12-11","43","45","39"
"USW00024233","SEATTLE TACOMA AIRPORT, WA US","2022-12-12","42","43","38"
"USW00024233","SEATTLE TACOMA AIRPORT, WA US","2022-12-13","39","43","32"
"USW00024233","SEATTLE TACOMA AIRPORT, WA US","2022-12-14","40","43","35"
"USW00024233","SEATTLE TACOMA AIRPORT, WA US","2022-12-15","37","41","30"
"USW00024233","SEATTLE TACOMA AIRPORT, WA US","2022-12-16","35","44","28"
"USW00024233","SEATTLE TACOMA AIRPORT, WA US","2022-12-17","34","40","30"
"USW00024233","SEATTLE TACOMA AIRPORT, WA US","2022-12-18","39","42","31"
"USW00024233","SEATTLE TACOMA AIRPORT, WA US","2022-12-19","32","35","30"
"USW00024233","SEATTLE TACOMA AIRPORT, WA US","2022-12-20","34","42","29"
"USW00024233","SEATTLE TACOMA AIRPORT, WA US","2022-12-21","28","30","20"
"USW00024233","SEATTLE TACOMA AIRPORT, WA US","2022-12-22","21","26","18"
"USW00024233","SEATTLE TACOMA AIRPORT, WA US","2022-12-23","26","39","23"
"USW00024233","SEATTLE TACOMA AIRPORT, WA US","2022-12-24","40","53","36"
"USW00024233","SEATTLE TACOMA AIRPORT, WA US","2022-12-25","50","53","47"
"USW00024233","SEATTLE TACOMA AIRPORT, WA US","2022-12-26","52","57","46"
"USW00024233","SEATTLE TACOMA AIRPORT, WA US","2022-12-27","50","53","44"
"USW00024233","SEATTLE TACOMA AIRPORT, WA US","2022-12-28","44","46","41"
"USW00024233","SEATTLE TACOMA AIRPORT, WA US","2022-12-29","43","46","41"
"USW00024233","SEATTLE TACOMA AIRPORT, WA US","2022-12-30","46","53","42"
"USW00024233","SEATTLE TACOMA AIRPORT, WA US","2022-12-31","46","49","43"
"USW00024233","SEATTLE TACOMA AIRPORT, WA US","2023-01-01","44","46","35"
"USW00024233","SEATTLE TACOMA AIRPORT, WA US","2023-01-02","40","50","29"
"USW00024233","SEATTLE TACOMA AIRPORT, WA US","2023-01-03","41","49","37"
"USW00024233","SEATTLE TACOMA AIRPORT, WA US","2023-01-04","44","50","40"
"USW00024233","SEATTLE TACOMA AIRPORT, WA US","2023-01-05","51","59","48"
"USW00024233","SEATTLE TACOMA AIRPORT, WA US","2023-01-06","49","53","41"
"USW00024233","SEATTLE TACOMA AIRPORT, WA US","2023-01-07","47","49","40"
"USW00024233","SEATTLE TACOMA AIRPORT, WA US","2023-01-08","45","49","40"
"USW00024233","SEATTLE TACOMA AIRPORT, WA US","2023-01-09","48","56","43"
"USW00024233","SEATTLE TACOMA AIRPORT, WA US","2023-01-10","47","54","45"
"USW00024233","SEATTLE TACOMA AIRPORT, WA US","2023-01-11","50","57","44"
"USW00024233","SEATTLE TACOMA AIRPORT, WA US","2023-01-12","49","53","47"
"USW00024233","SEATTLE TACOMA AIRPORT, WA US","2023-01-13","51","54","47"
"USW00024233","SEATTLE TACOMA AIRPORT, WA US","2023-01-14","50","59","46"
"USW00024233","SEATTLE TACOMA AIRPORT, WA US","2023-01-15","49","50","44"
"USW00024233","SEATTLE TACOMA AIRPORT, WA US","2023-01-16","45","50","40"
"USW00024233","SEATTLE TACOMA AIRPORT, WA US","2023-01-17","43","48","41"
"USW00024233","SEATTLE TACOMA AIRPORT, WA US","2023-01-18","44","46","38"
"USW00024233","SEATTLE TACOMA AIRPORT, WA US","2023-01-19","40","42","36"
"USW00024233","SEATTLE TACOMA AIRPORT, WA US","2023-01-20","39","47","35"
"USW00024233","SEATTLE TACOMA AIRPORT, WA US","2023-01-21","37","43","32"
"USW00024233","SEATTLE TACOMA AIRPORT, WA US","2023-01-22","40","44","35"
"USW00024233","SEATTLE TACOMA AIRPORT, WA US","2023-01-23","39","46","35"
"USW00024233","SEATTLE TACOMA AIRPORT, WA US","2023-01-24","40","44","37"
"USW00024233","SEATTLE TACOMA AIRPORT, WA US","2023-01-25","44","46","41"
"USW00024233","SEATTLE TACOMA AIRPORT, WA US","2023-01-26","42","44","39"
"USW00024233","SEATTLE TACOMA AIRPORT, WA US","2023-01-27","44","48","42"
"USW00024233","SEATTLE TACOMA AIRPORT, WA US","2023-01-28","43","44","36"
"USW00024233","SEATTLE TACOMA AIRPORT, WA US","2023-01-29","36","40","28"
"USW00024233","SEATTLE TACOMA AIRPORT, WA US","2023-01-30","31","39","24"
"USW00024233","SEATTLE TACOMA AIRPORT, WA US","2023-01-31","35","41","31"
"USW00024233","SEATTLE TACOMA AIRPORT, WA US","2023-02-01","38","47","32"
"USW00024233","SEATTLE TACOMA AIRPORT, WA US","2023-02-02","40","51","32"
"USW00024233","SEATTLE TACOMA AIRPORT, WA US","2023-02-03","44","50","38"
"USW00024233","SEATTLE TACOMA AIRPORT, WA US","2023-02-04","47","52","44"
"USW00024233","SEATTLE TACOMA AIRPORT, WA US","2023-02-05","45","47","42"
"USW00024233","SEATTLE TACOMA AIRPORT, WA US","2023-02-06","45","48","42"
"USW00024233","SEATTLE TACOMA AIRPORT, WA US","2023-02-07","46","50","41"
"USW00024233","SEATTLE TACOMA AIRPORT, WA US","2023-02-08","43","48","39"
"USW00024233","SEATTLE TACOMA AIRPORT, WA US","2023-02-09","46","57","42"
"USW00024233","SEATTLE TACOMA AIRPORT, WA US","2023-02-10","48","52","42"
"USW00024233","SEATTLE TACOMA AIRPORT, WA US","2023-02-11","44","48","38"
"USW00024233","SEATTLE TACOMA AIRPORT, WA US","2023-02-12","40","50","32"
"USW00024233","SEATTLE TACOMA AIRPORT, WA US","2023-02-13","45","46","33"
"USW00024233","SEATTLE TACOMA AIRPORT, WA US","2023-02-14","36","43","29"
"USW00024233","SEATTLE TACOMA AIRPORT, WA US","2023-02-15","36","44","28"
"USW00024233","SEATTLE TACOMA AIRPORT, WA US","2023-02-16","39","45","34"
"USW00024233","SEATTLE TACOMA AIRPORT, WA US","2023-02-17","42","46","39"
"USW00024233","SEATTLE TACOMA AIRPORT, WA US","2023-02-18","43","47","40"
"USW00024233","SEATTLE TACOMA AIRPORT, WA US","2023-02-19","43","48","40"
"USW00024233","SEATTLE TACOMA AIRPORT, WA US","2023-02-20","46","47","42"
"USW00024233","SEATTLE TACOMA AIRPORT, WA US","2023-02-21","42","44","35"
"USW00024233","SEATTLE TACOMA AIRPORT, WA US","2023-02-22","36","38","30"
"USW00024233","SEATTLE TACOMA AIRPORT, WA US","2023-02-23","31","35","26"
"USW00024233","SEATTLE TACOMA AIRPORT, WA US","2023-02-24","29","39","22"
"USW00024233","SEATTLE TACOMA AIRPORT, WA US","2023-02-25","31","42","24"
"USW00024233","SEATTLE TACOMA AIRPORT, WA US","2023-02-26","38","46","32"
"USW00024233","SEATTLE TACOMA AIRPORT, WA US","2023-02-27","37","42","32"
"USW00024233","SEATTLE TACOMA AIRPORT, WA US","2023-02-28","39","45","31"
"USW00024233","SEATTLE TACOMA AIRPORT, WA US","2023-03-01","35","45","28"
"USW00024233","SEATTLE TACOMA AIRPORT, WA US","2023-03-02","40","48","36"
"USW00024233","SEATTLE TACOMA AIRPORT, WA US","2023-03-03","39","42","36"
"USW00024233","SEATTLE TACOMA AIRPORT, WA US","2023-03-04","38","45","35"
"USW00024233","SEATTLE TACOMA AIRPORT, WA US","2023-03-05","39","49","29"
"USW00024233","SEATTLE TACOMA AIRPORT, WA US","2023-03-06","39","49","31"
"USW00024233","SEATTLE TACOMA AIRPORT, WA US","2023-03-07","43","51","36"
"USW00024233","SEATTLE TACOMA AIRPORT, WA US","2023-03-08","39","44","33"
"USW00024233","SEATTLE TACOMA AIRPORT, WA US","2023-03-09","39","49","33"
"USW00024233","SEATTLE TACOMA AIRPORT, WA US","2023-03-10","45","50","38"
"USW00024233","SEATTLE TACOMA AIRPORT, WA US","2023-03-11","43","52","39"
"USW00024233","SEATTLE TACOMA AIRPORT, WA US","2023-03-12","41","47","31"
"USW00024233","SEATTLE TACOMA AIRPORT, WA US","2023-03-13","44","48","37"
"USW00024233","SEATTLE TACOMA AIRPORT, WA US","2023-03-14","42","51","34"
"USW00024233","SEATTLE TACOMA AIRPORT, WA US","2023-03-15","44","51","39"
